trial,prompt_id,type,response,score,reason,model,stage,data_pct,rank,lr,val_loss
T1,G1,general,"<think>
Let's solve this logic puzzle step by step.

**Given:**
- Alice owns exactly one pet: cat, dog, or fish.
- Bob owns exactly one pet: cat, dog, or fish.
- Carol owns exactly one pet: cat, dog, or fish.

**Constraints:**
1. Alice does not own the cat.
2. Bob does not own the dog.
3. Carol does not own the fish.

**Objective:**
Determine who owns which pet.

**Step 1: Analyze the constraints.**

From the constraints:
- Alice cannot own the cat.
- Bob cannot own the dog.
- Carol cannot own the fish.

**Step 2: Eliminate possibilities.**

Since Alice cannot own the cat, she must own either the dog or the fish.

**Step 3: Consider Bob's constraints.**

Bob cannot own the dog. So Bob must own either the cat or the fish.

**Step 4: Consider Carol's constraints.**

Carol cannot own the fish. So Carol must own either the cat or the dog.

**Step 5: Combine all constraints.**

Let's consider each person's possible options:

- Alice: cannot own cat → must own dog or fish.
- Bob: cannot own dog → must own cat or fish.
- Carol: cannot own fish → must own cat or dog.

**Step 6: Determine the ownership.**

Let's try assigning each person's pet based on the constraints.

**Case 1: Alice owns the dog.**

- Alice: dog
- Bob: cannot own dog → must own cat or fish
- Carol: cannot own fish → must own cat or dog

**Subcase 1a: Bob owns the cat.**

- Alice: dog
- Bob: cat
- Carol: fish

**Subcase 1b: Bob owns the fish.**

- Alice: dog
- Bob: fish
- Carol: cat

**Subcase 1c: Bob owns the dog.** (This is invalid because Bob cannot own the dog)

**Case 2: Alice owns the fish.**

- Alice: fish
- Bob: cannot own dog → must own cat or fish
- Carol: cannot own fish → must own cat or dog

**Subcase 2a: Bob owns the cat.**

- Alice: fish
- Bob: cat
- Carol: dog

**Subcase 2b: Bob owns the dog.** (This is invalid because Bob cannot",5,"The candidate systematically explores all valid assignments, correctly identifies the two possible solutions, and clearly explains the elimination of invalid options, matching the gold answer perfectly.",Qwen/Qwen3-0.6B,sft_datasetA,0.25,16,0.0002,1.3807348012924194
T1,G2,general,"<think>
Let me solve this step by step.

**Step 1: Define Variables**
Let the cost of the ball be $x$.

**Step 2: Translate the Information into Equations**
- The bat costs $1.00 more than the ball: $x + 1.00$
- The total cost is $x + (x + 1.00) = 1.10$

**Step 3: Solve the Equation**
- Combine like terms: $2x + 1.00 = 1.10$
- Subtract 1.00 from both sides: $2x = 0.10$
- Divide by 2: $x = 0.05$

**Step 4: Verify the Solution**
- The ball costs $0.05
- The bat costs $0.05 + 1.00 = 1.05
- Total cost: $0.05 + 1.05 = 1.10$ ✅

**Final Answer:** The ball costs $0.05.
</think>

**Step 1: Define Variables**
Let the cost of the ball be $x$.

**Step 2: Translate the Information into Equations**
- The bat costs $1.00 more than the ball: $x + 1.00$
- The total cost is $x + (x + 1.00) = 1.10$

**Step 3: Solve the Equation**
- Combine like terms: $2x + 1.00 = 1.10$
- Subtract 1.00 from both sides: $2x = 0.10$
- Divide by 2: $x = 0.05$

**Step 4: Verify the Solution**
- The ball costs $0.05
- The bat costs $0.05 + 1.00 = 1.05
- Total cost: $0.05 + 1.05 = 1.10$ ✅",5,"The response follows the same correct algebraic steps as the reference, presents them clearly, and includes an explicit verification step that confirms the solution satisfies both original conditions.",Qwen/Qwen3-0.6B,sft_datasetA,0.25,16,0.0002,1.3807348012924194
T1,G3,general,"<think>
Let's analyze this step by step.

1. **Understanding the Problem:**
   - We have 30 people.
   - We want to know if it's more likely than not that at least two share a birthday.
   - The question is asking whether this probability is greater than 50% or less than 50%.

2. **What is a ""Birthday Paradox""?**
   - The birthday paradox is a classic probability problem that asks: ""In a room of 30 people, is it more likely than not that at least two share a birthday?"" It is a well-known example of a probability puzzle that demonstrates the power of large numbers.

3. **Key Insight:**
   - The birthday paradox is based on the idea that with a large number of people, the probability of at least one pair sharing a birthday becomes very close to 100%.
   - This is because with 365 days in a year, the probability of at least one pair sharing a birthday increases exponentially with the number of people.

4. **Why the Probability Increases with the Number of People:**
   - For 2 people: 365/365 = 100% (no one shares a birthday).
   - For 3 people: 365/365 * 364/365 = 64.7% (at least one pair shares a birthday).
   - For 4 people: 365/365 * 364/365 * 363/365 = 64.7% * 362/365 ≈ 64.7% * 99.7% = 64.7% * 99.7% = 64.7% * 99.7% = 64.7% * 99.7% = 64.7% * 99.7% = 64.7% * 99.7% = 64.7% * 99.7% = 64.7% * 99.7% = 64.7% * 99.7% = 64.7% * 99.7% = 64.7% * 99.7% = 64.7% * 9",2,"The candidate correctly identifies the birthday paradox and the need to consider pairs, but the step-by-step reasoning is muddled with repeated incorrect calculations and fails to clearly explain why 30 people make a shared birthday more likely than not.",Qwen/Qwen3-0.6B,sft_datasetA,0.25,16,0.0002,1.3807348012924194
T1,G4,general,"<think>
Let me break this down. First, I need to understand the relationships between the different animals. The question states: ""If all Bloops are Razzies, and all Razzies are Lazzies, are all Bloops definitely Lazzies?"" 

I'll start by identifying the key terms. ""Bloops"" refers to a specific type of animal, and ""Razzies"" is another type. The question is asking whether all Bloops are definitely Lazzies based on the given conditions.

I'll analyze the logical relationships. The first condition says ""All Bloops are Razzies"" – this means that every Bloop has a Razzie. The second condition says ""All Razzies are Lazzies"" – this means that every Razzie has a Lazzie. 

Now, I need to determine if these two conditions logically imply that all Bloops are definitely Lazzies. 

Let me consider the logical implications. If every Bloop is a Razzie, then every Bloop must be a Lazzie. This is a direct logical implication. 

To verify this, I can use a logical structure. Let me define the propositions:

- Let B = Bloops
- Let R = Razzies
- Let L = Lazzies

The conditions are:
1. All B are R: B ⊆ R
2. All R are L: R ⊆ L

The question is asking: If B ⊆ R and R ⊆ L, then B ⊆ L?

This is a valid logical implication. The conclusion follows directly from the premises. 

I can also test this with a concrete example. Suppose there are 3 Bloops: A, B, C. According to the conditions:

- A is a Razzie
- B is a Razzie
- C is a Razzie

Then, according to the second condition, all Razzies are Lazzies. So, A must be a Lazzie, B must be a Lazzie, and C must be a Lazzie. 

This confirms that all Bloops are definitely Lazzies based on the given conditions. 

I should also consider if there's any ambiguity or alternative interpretations. The question doesn't mention any exceptions or exceptions to the conditions. The conditions are presented as universal statements, meaning they apply to all Bloops. 

Therefore, the conclusion logically follows from the premises. The answer is ""Yes, all Bloops are definitely",4,"The candidate correctly applies transitive reasoning and reaches the right conclusion, but the explanation is slightly verbose and uses informal phrasing like “every Bloop has a Razzie” instead of the precise “is a Razzie,” though the logical flow is sound.",Qwen/Qwen3-0.6B,sft_datasetA,0.25,16,0.0002,1.3807348012924194
T1,G5,general,"<think>
Let me think through this step by step.

1. **Understanding the problem**: The farmer has 17 sheep. All but 9 die. So, we need to find out how many sheep are left after 9 have died.

2. **Mathematical approach**: To find the number of sheep remaining, subtract the number of sheep that have died from the total number of sheep.

3. **Calculation**: 17 sheep total - 9 sheep that have died = 8 sheep remaining.

4. **Verification**: The farmer has 17 sheep. After 9 die, 17 - 9 = 8 sheep are still alive.

5. **Conclusion**: The farmer has 8 sheep left.
</think>

The farmer has 17 sheep. All but 9 die. How many sheep are left? Explain your reasoning before giving the answer.

Let me think through this step by step.

1. **Understanding the problem**: The farmer has 17 sheep. All but 9 die. So, we need to find out how many sheep are left after 9 have died.

2. **Mathematical approach**: To find the number of sheep remaining, subtract the number of sheep that have died from the total number of sheep.

3. **Calculation**: 17 sheep total - 9 sheep that have died = 8 sheep remaining.

4. **Verification**: The farmer has 17 sheep. After 9 die, 17 - 9 = 8 sheep are still alive.

5. **Conclusion**: The farmer has 8 sheep left.",2,"The response shows a systematic reasoning attempt but fundamentally misinterprets ""all but 9 die"" as ""9 die"" instead of ""all except 9 die,"" leading to the wrong answer.",Qwen/Qwen3-0.6B,sft_datasetA,0.25,16,0.0002,1.3807348012924194
T1,M1,math,"<think>
Let me solve this step by step.

**Step 1: Understand the problem**

A train travels at 60 km/h for 2 hours, then at 90 km/h for 1.5 hours. What is the total distance travelled?

**Step 2: Set up the equations**

Let me define the distance traveled at each speed:

- First segment: 60 km/h for 2 hours
- Second segment: 90 km/h for 1.5 hours

**Step 3: Calculate the distance for each segment**

- First segment: 60 km/h * 2 h = 120 km
- Second segment: 90 km/h * 1.5 h = 135 km

**Step 4: Add the distances together**

120 km + 135 km = 255 km

**Step 5: Final Answer**

The total distance traveled is 255 km.

**Verification:**

- First segment: 60 km/h * 2 h = 120 km
- Second segment: 90 km/h * 1.5 h = 135 km
- Total distance: 120 km + 135 km = 255 km

**Check:**

- First segment: 60 km/h * 2 h = 120 km
- Second segment: 90 km/h * 1.5 h = 135 km
- Total distance: 120 km + 135 km = 255 km

**Final Answer: 255 km**",5,"The response correctly applies the distance formula for each segment, shows clear step-by-step calculations, and verifies the result multiple times without any errors.",Qwen/Qwen3-0.6B,sft_datasetA,0.25,16,0.0002,1.3807348012924194
T1,M2,math,"<think>
Let me solve this problem step by step.

**Step 1: Understand the Problem**
I need to find the sum of all integers from 1 to 100. This is a classic arithmetic series problem.

**Step 2: Identify the Formula**
The sum of an arithmetic series is given by:
$$
S_n = \frac{n}{2} \times (a_1 + a_n)
$$
Where:
- $n$ is the number of terms,
- $a_1$ is the first term,
- $a_n$ is the last term.

**Step 3: Plug in the Values**
Given:
- $n = 100$ (since we're going up to 100),
- $a_1 = 1$ (the smallest positive integer),
- $a_n = 100$ (the largest integer).

**Step 4: Perform the Calculation**
$$
S_{100} = \frac{100}{2} \times (1 + 100) = 50 \times 101 = 5050
$$

**Step 5: Verify the Result**
I can verify this by calculating the sum of 1 to 100 using a calculator or another method.

**Final Answer**
The sum of all integers from 1 to 100 is $5050$.",4,"Correct answer and clear arithmetic-series reasoning, but it never explains why the formula works (the pairing/duplication insight).",Qwen/Qwen3-0.6B,sft_datasetA,0.25,16,0.0002,1.3807348012924194
T1,M3,math,"<think>
Let me solve this step by step.

**Step 1: Understand the problem**

We are given:
- A store sells an item at a 20% discount.
- The final price after the discount is $80.
- We need to find the original price.

**Step 2: Set up the equation**

Let the original price be $ x $.

After a 20% discount, the price becomes:
$$
x \times (1 - 0.20) = x \times 0.80 = 80
$$

**Step 3: Solve the equation**

$$
x \times 0.80 = 80
$$

$$
x = \frac{80}{0.80} = 100
$$

**Step 4: Verify the solution**

If the original price is $100:
- 20% discount: $100 \times 0.20 = 20$
- Final price: $100 - 20 = 80$

**Step 5: Final Answer**

The original price was $100.

**Answer:** The original price was $100.",5,"The response provides a correct answer with clear, step-by-step reasoning that mirrors the reference solution, including proper equation setup, solution, and verification.",Qwen/Qwen3-0.6B,sft_datasetA,0.25,16,0.0002,1.3807348012924194
T1,M4,math,"<think>
Let me solve this step by step.

**Given:**
- Pipe A can fill the tank in 6 hours.
- Pipe B can fill the tank in 4 hours.

**Objective:**
- Find the time it takes for both pipes to fill the tank together.

**Approach:**
1. **Find the rate of each pipe:**
   - Pipe A's rate = 1/6 tank/hour
   - Pipe B's rate = 1/4 tank/hour

2. **Add the rates:**
   - Combined rate = 1/6 + 1/4 = (2/12 + 3/12) = 5/12 tank/hour

3. **Find the time to fill the tank:**
   - Time = 1 tank / (5/12 tank/hour) = 12/5 hours = 2.4 hours

**Answer:**
It will take 2.4 hours for both pipes to fill the tank together.

**Verification:**
- Pipe A fills 1/6 tank in 6 hours → 1/6 * 6 = 1 tank
- Pipe B fills 1/4 tank in 4 hours → 1/4 * 4 = 1 tank
- Combined rate: 1/6 + 1/4 = 5/12 tank/hour
- Time = 1 tank / (5/12 tank/hour) = 12/5 hours = 2.4 hours

**Final Answer:**
It will take 2.4 hours for both pipes to fill the tank together.",5,"The response follows the same correct logic as the reference, clearly showing each pipe’s rate, combining them accurately, and computing the time with a concise verification step.",Qwen/Qwen3-0.6B,sft_datasetA,0.25,16,0.0002,1.3807348012924194
T1,M5,math,"<think>
Let's analyze the sequence: 2, 6, 18, 54, ...

First, I'll look for a pattern in the sequence. Let's look at the differences between consecutive terms:

6 - 2 = 4  
18 - 6 = 12  
54 - 18 = 36

The differences themselves form a sequence: 4, 12, 36...

Looking at these differences: 4, 12, 36...

I notice that each term is multiplied by 3:  
4 * 3 = 12  
12 * 3 = 36  
36 * 3 = 108

So the pattern is multiplying by 3 each time.

Now, to find the 8th term:

Term 1: 2  
Term 2: 2 * 3 = 6  
Term 3: 6 * 3 = 18  
Term 4: 18 * 3 = 54  
Term 5: 54 * 3 = 162  
Term 6: 162 * 3 = 486  
Term 7: 486 * 3 = 1458  
Term 8: 1458 * 3 = 4374

**Answer:** The 8th term is 4374.
</think>

# Pattern Analysis

## Step 1: Identify the pattern in the sequence

Let's examine the differences between consecutive terms:

6 - 2 = 4  
18 - 6 = 12  
54 - 18 = 36

The differences themselves form a sequence: 4, 12, 36...

## Step 2: Recognize the pattern

I notice that each term is multiplied by 3:

4 * 3 = 12  
12 * 3 = 36  
36 * 3 = 108

## Step 3: Find the 8th term

Using the pattern, each term is multiplied by 3:

Term 1: 2  
Term 2: 2 * 3 = 6  
Term 3: 6 * 3 = 18  
Term 4: 18 * 3 = 54  
Term 5: 54 *",4,"The candidate correctly identified the multiplicative pattern and calculated the 8th term accurately, but the reasoning path through analyzing differences was unnecessarily convoluted compared to the direct observation that each term is simply multiplied by 3.",Qwen/Qwen3-0.6B,sft_datasetA,0.25,16,0.0002,1.3807348012924194
T2,G1,general,"<think>
Let me work through this problem step by step.

First, I need to analyze the information given:

- Alice owns exactly one pet: cat, dog, or fish.
- Alice does not own the cat.
- Bob does not own the dog.
- Carol does not own the fish.

I'll start by listing out the constraints:

1. Alice does not own the cat.
2. Bob does not own the dog.
3. Carol does not own the fish.

From these constraints, I can deduce the possible pets for Alice, Bob, and Carol.

Since Alice cannot own the cat, she must own either the dog or the fish.

Since Bob cannot own the dog, he must own either the cat or the fish.

Since Carol cannot own the fish, she must own either the cat or the dog.

Now, I'll look for a consistent assignment of pets to each person.

Let me try assigning pets to Alice, Bob, and Carol:

Case 1: Alice owns the dog.

Then, Alice owns the dog. Bob cannot own the dog, so Bob must own the cat or the fish. Carol cannot own the fish, so Carol must own the cat or the dog. But Alice already owns the dog, so Carol must own the cat.

This leaves Bob with the fish.

Check if this assignment satisfies all constraints:

- Alice does not own the cat: ✓
- Bob does not own the dog: ✓
- Carol does not own the fish: ✓

This assignment works.

Case 2: Alice owns the fish.

Then, Alice owns the fish. Bob cannot own the dog, so Bob must own the cat or the fish. Carol cannot own the fish, so Carol must own the cat or the dog. But Alice already owns the fish, so Carol must own the cat.

This leaves Bob with the dog.

Check if this assignment satisfies all constraints:

- Alice does not own the cat: ✓
- Bob does not own the dog: ✓
- Carol does not own the fish: ✓

This assignment also works.

Case 3: Alice owns the cat.

But Alice cannot own the cat, so this is invalid.

Case 4: Alice owns the dog.

This is the same as Case 1.

Case 5: Alice owns the fish.

This is the same as Case 2.

Case 6: Alice owns the cat.

This is invalid.

So, there are two valid assignments:

1. Alice: dog, Bob: cat, Carol: fish
2. Alice",3,"The candidate correctly identifies both valid assignments but makes a critical error in Case 2 by assigning the dog to Bob despite the constraint that Bob does not own the dog, leading to an inconsistent final listing of solutions.",Qwen/Qwen3-0.6B,sft_datasetA,0.5,16,0.0002,1.3520945310592651
T2,G2,general,"<think>
Let me work through this problem step by step.

**Given:**
- A bat and a ball together cost $1.10
- The bat costs $1.00 more than the ball

**What is the cost of the ball?**

**Step 1: Define Variables**
Let the cost of the ball be $x$.

**Step 2: Set Up Equations**
From the problem:
1. The bat costs $1.00 more than the ball: $x + 1.00$
2. The bat and ball together cost $1.10: $x + 1.00 + x = 1.10$

**Step 3: Solve the Equation**
1. Combine like terms: $2x + 1.00 = 1.10$
2. Subtract 1.00 from both sides: $2x = 0.10$
3. Divide by 2: $x = 0.05$

**Step 4: Verify the Solution**
- The bat costs $1.00 + 0.05 = $1.05
- The ball costs $0.05
- Together, they cost $1.05 + $0.05 = $1.10 ✓

**Step 5: Final Answer**
The ball costs **$0.05**.
</think>

**Step 1: Define Variables**
Let the cost of the ball be $x$.

**Step 2: Set Up Equations**
From the problem:
1. The bat costs $1.00 more than the ball: $x + 1.00$
2. The bat and ball together cost $1.10: $x + 1.00 + x = 1.10$

**Step 3: Solve the Equation**
1. Combine like terms: $2x + 1.00 = 1.10$
2. Subtract 1.00 from both sides: $2x = 0.10$
3. Divide by 2: $x = 0.05$

**Step 4: Verify the Solution**
- The bat costs $1.00 + 0.05 = $1.05
- The ball costs $0.05
- Together, they cost $1.05 + $0.05 =",5,"The response follows the same correct algebraic steps as the reference, clearly defines the variable, sets up the equation accurately, solves it without errors, and explicitly verifies the result.",Qwen/Qwen3-0.6B,sft_datasetA,0.5,16,0.0002,1.3520945310592651
T2,G3,general,"<think>
Let me think through this carefully.

The question asks: In a room of 30 people, is it more likely than not that at least two share a birthday? Explain your reasoning step by step without necessarily computing the exact probability.

I need to analyze the problem carefully.

First, let me recall the birthday paradox problem. The birthday paradox is a classic probability problem that asks: In a room of 30 people, is it more likely than not that at least two share a birthday? The answer is yes, and the reasoning involves calculating the probability of no two people sharing a birthday.

The reasoning involves calculating the probability of no two people sharing a birthday. The probability of no two people sharing a birthday is calculated as follows:

P(no one shares a birthday) = (365/365) * (364/365) * (363/365) * ... * (336/365)

This is a product of consecutive probabilities, each representing the probability of a particular person not sharing a birthday with anyone else.

The reasoning is as follows:

1. The first person has 365 possible birthdays.
2. The second person has 364 possible birthdays.
3. The third person has 363 possible birthdays.
4. ...
5. The 30th person has 336 possible birthdays.

This product is the probability that all 30 people have unique birthdays.

The reasoning is as follows:

1. The first person has 365 possible birthdays.
2. The second person has 364 possible birthdays.
3. The third person has 363 possible birthdays.
4. ...
5. The 30th person has 336 possible birthdays.

This product is the probability that all 30 people have unique birthdays.

The reasoning is as follows:

1. The first person has 365 possible birthdays.
2. The second person has 364 possible birthdays.
3. The third person has 363 possible birthdays.
4. ...
5. The 30th person has 336 possible birthdays.

This product is the probability that all 30 people have unique birthdays.

The reasoning is as follows:

1. The first person has 365 possible birthdays.
2. The second person has 364 possible birthdays.
3. The third person has 363 possible birthdays.
4. ...
5. The 3",2,"The response repeats the same basic calculation idea multiple times without ever stating the final conclusion or explaining why the probability exceeds 50%, leaving the reasoning incomplete.",Qwen/Qwen3-0.6B,sft_datasetA,0.5,16,0.0002,1.3520945310592651
T2,G4,general,"<think>
Let me analyze this question carefully.

The question asks: If all Bloops are Razzies, and all Razzies are Lazzies, are all Bloops definitely Lazzies? What logical principle applies here? Explain step by step.

I need to verify if the conclusion logically follows from the premises.

First, I'll identify the logical relationships between the statements.

1. All Bloops are Razzies: This means that every Bloop is a Razzie.
2. All Razzies are Lazzies: This means that every Razzie is a Lazzie.

Now, I'll verify if the conclusion logically follows.

Let me consider the logical implications:

- If all Bloops are Razzies (B → R), and all Razzies are Lazzies (R → L), then by transitive logic, all Bloops must be Lazzies (B → L).

This is a valid logical deduction based on transitive reasoning.

Let me verify this step by step:

1. **Premise 1**: All Bloops are Razzies (B → R)
2. **Premise 2**: All Razzies are Lazzies (R → L)
3. **Conclusion**: All Bloops are definitely Lazzies (B → L)

This is a valid logical deduction based on transitive reasoning.

Let me verify this step by step:

1. **Premise 1**: All Bloops are Razzies (B → R)
2. **Premise 2**: All Razzies are Lazzies (R → L)
3. **Conclusion**: All Bloops are definitely Lazzies (B → L)

This is a valid logical deduction based on transitive reasoning.

Let me verify this step by step:

1. **Premise 1**: All Bloops are Razzies (B → R)
2. **Premise 2**: All Razzies are Lazzies (R → L)
3. **Conclusion**: All Bloops are definitely Lazzies (B → L)

This is a valid logical deduction based on transitive reasoning.
</think>

# Analysis of the Question

## Understanding the Logical Relationships

The question presents two conditional statements and asks whether a specific conclusion logically follows from them.

### Step 1: Identify the Logical Relationships

- **Premise 1**: All Bloops are Razzies (B → R)
- **Premise 2**: All Razzies are Lazzies",4,"Correct conclusion and identifies transitive reasoning, but repeats the same three-step verification three times instead of providing a concise explanation.",Qwen/Qwen3-0.6B,sft_datasetA,0.5,16,0.0002,1.3520945310592651
T2,G5,general,"<think>
Let me think through this problem step by step.

The problem states: A farmer has 17 sheep. All but 9 die. How many sheep are left?

First, I need to understand what ""all but 9 die"" means. This phrase typically refers to the number of sheep that are still alive after some have died. The key phrase here is ""all but 9 die,"" which means that 9 sheep have died, and the remaining 17 - 9 = 8 sheep are still alive.

To verify this, I can calculate the total number of sheep: 17 sheep. Subtract the number of sheep that have died: 17 - 9 = 8. The remaining sheep are 8.

Therefore, the answer is 8 sheep.
</think>

# Solution: A farmer has 17 sheep. All but 9 die. How many sheep are left?

## Step-by-Step Reasoning

### Understanding the Problem

The problem asks: ""A farmer has 17 sheep. All but 9 die. How many sheep are left?""

This is a simple subtraction problem. The phrase ""all but 9 die"" indicates that **9 sheep have died**, and the remaining **17 - 9 = 8 sheep are still alive**.

### Verification

Let me verify this calculation:

- Total sheep: 17
- Sheep that have died: 9
- Remaining sheep: 17 - 9 = 8

This confirms that the remaining sheep are 8.

### Final Answer

**8 sheep** are still alive.

---

## Explanation

The phrase ""all but 9 die"" is a standard mathematical expression used to describe a situation where a certain number of items are removed from a total. In this case, the farmer has 17 sheep, and 9 of them have died. The remaining sheep are 17 - 9 = 8.

This is a straightforward subtraction problem, and the answer is verified by performing the calculation and checking the result.

---

## Final Answer

**8 sheep** are still alive.",2,"The candidate misinterprets ""all but 9 die"" as ""9 die"" instead of ""all except 9 die,"" leading to a wrong answer despite showing some reasoning steps.",Qwen/Qwen3-0.6B,sft_datasetA,0.5,16,0.0002,1.3520945310592651
T2,M1,math,"<think>
Let me solve this step by step.

First, I need to find the distance traveled by the train in each segment of the journey.

1. First segment: 60 km/h for 2 hours
   - Distance = Speed × Time = 60 km/h × 2 h = 120 km

2. Second segment: 90 km/h for 1.5 hours
   - Distance = Speed × Time = 90 km/h × 1.5 h = 135 km

3. Total distance = Sum of both segments
   - Total distance = 120 km + 135 km = 255 km

**Answer:** The total distance traveled by the train is 255 kilometers.
</think>

# Solution

## Step 1: Find the distance traveled in the first segment

The train travels at 60 km/h for 2 hours.

$$
\text{Distance} = \text{Speed} \times \text{Time} = 60 \, \text{km/h} \times 2 \, \text{h} = 120 \, \text{km}
$$

## Step 2: Find the distance traveled in the second segment

The train travels at 90 km/h for 1.5 hours.

$$
\text{Distance} = \text{Speed} \times \text{Time} = 90 \, \text{km/h} \times 1.5 \, \text{h} = 135 \, \text{km}
$$

## Step 3: Add the distances to find the total distance

$$
\text{Total distance} = 120 \, \text{km} + 135 \, \text{km} = 255 \, \text{km}
$$

**Answer:** The total distance traveled by the train is 255 kilometers.",5,"The response correctly applies the distance formula to each segment, shows clear step-by-step calculations, and arrives at the correct total distance with no errors.",Qwen/Qwen3-0.6B,sft_datasetA,0.5,16,0.0002,1.3520945310592651
T2,M2,math,"<think>
Let me think through this problem step by step.

The problem asks: Find the sum of all integers from 1 to 100. Show the formula you use and explain why it works.

I need to find the sum of all integers from 1 to 100.

The formula for the sum of the first n integers is:

$$S = \frac{n(n+1)}{2}$$

Where:
- $n$ is the number of terms (in this case, 100)
- $n+1$ is the last term (100)

Let me verify this formula with a smaller example.

Example: Sum of 1 to 3

Using the formula: $S = \frac{3(3+1)}{2} = \frac{3*4}{2} = 6$

Using manual addition: 1 + 2 + 3 = 6 ✓

Another example: Sum of 1 to 5

Using the formula: $S = \frac{5(5+1)}{2} = \frac{5*6}{2} = 15$

Using manual addition: 1 + 2 + 3 + 4 + 5 = 15 ✓

This formula works because it accounts for the arithmetic progression of the first n integers, and the sum of an arithmetic sequence is given by the average of the first and last term multiplied by the number of terms.

Therefore, the sum of all integers from 1 to 100 is:

$$S = \frac{100(100+1)}{2} = \frac{100*101}{2} = 5050$$

**Answer:** The sum of all integers from 1 to 100 is 5050.
</think>

# Sum of All Integers from 1 to 100

## Step-by-Step Reasoning

### Step 1: Identify the Formula
The formula for the sum of the first $n$ integers is:

$$S = \frac{n(n+1)}{2}$$

Where:
- $n$ is the number of terms (in this case, 100)
- $n+1$ is the last term (100)

### Step 2: Verify the Formula
This formula works because it accounts for the arithmetic progression of the first $n$ integers, and the",4,"Correct answer and clear steps, but the explanation of why the formula works is incomplete—only mentions arithmetic progression without showing the pairing method or derivation.",Qwen/Qwen3-0.6B,sft_datasetA,0.5,16,0.0002,1.3520945310592651
T2,M3,math,"<think>
Let me work through this step-by-step.

**Given:**
- Discount rate: 20%
- Final price after discount: $80

**Step 1: Find the discount amount**
The discount amount is calculated by multiplying the original price by the discount rate:
$$
\text{Discount amount} = \text{Original price} \times \text{Discount rate}
$$

**Step 2: Find the original price**
The original price is the final price plus the discount amount:
$$
\text{Original price} = \text{Final price} + \text{Discount amount}
$$

**Step 3: Plug in the numbers**
$$
\text{Original price} = 80 + 80 \times 0.2
$$

**Step 4: Calculate**
$$
\text{Original price} = 80 + 16 = 96
$$

**Verification:**
- 20% of $96 is $19.20
- $96 - $19.20 = $76.80
- $76.80 is the discount amount
- $96 - $76.80 = $19.20

**Final Answer:**
The original price was $96.
</think>

# Solution

## Step 1: Find the discount amount

The discount amount is calculated by multiplying the original price by the discount rate:
$$
\text{Discount amount} = \text{Original price} \times \text{Discount rate}
$$

## Step 2: Find the original price

The original price is the final price plus the discount amount:
$$
\text{Original price} = \text{Final price} + \text{Discount amount}
$$

## Step 3: Plug in the numbers

$$
\text{Original price} = 80 + 80 \times 0.2
$$

## Step 4: Calculate

$$
\text{Original price} = 80 + 16 = 96
$$

## Verification:

- 20% of $96 is $19.20
- $96 - $19.20 = $76.80
- $76.80 is the discount amount
- $96 - $76.80 = $19.2",2,"The candidate uses a circular argument (trying to compute the discount from the original price before knowing it) and arrives at an incorrect answer, although some algebraic structure is present.",Qwen/Qwen3-0.6B,sft_datasetA,0.5,16,0.0002,1.3520945310592651
T2,M4,math,"<think>
Let me solve this problem step by step.

**Given:**
- Pipe A can fill the tank in 6 hours.
- Pipe B can fill the tank in 4 hours.

**Objective:**
- Find the time it takes for both pipes to fill the tank together.

**Approach:**
1. **Find the rate of each pipe:**
   - Pipe A: 1/6 of the tank per hour
   - Pipe B: 1/4 of the tank per hour

2. **Find the combined rate:**
   - Combined rate = 1/6 + 1/4 = (2/12) + (3/12) = 5/12 of the tank per hour

3. **Find the time to fill the tank:**
   - Time = 1 / (Combined rate) = 1 / (5/12) = 12/5 hours = 2.4 hours

**Verification:**
- Pipe A fills 1/6 tank in 6 hours: 1/6 * 6 = 1 tank
- Pipe B fills 1/4 tank in 4 hours: 1/4 * 4 = 1 tank
- Together: 1/6 + 1/4 = 5/12 tank per hour
- Total time: 12/5 hours = 2 hours and 24 minutes

**Answer:**
It will take 2.4 hours for both pipes to fill the tank together.
</think>

# Solution

## Given:
- Pipe A can fill the tank in 6 hours.
- Pipe B can fill the tank in 4 hours.

## Objective:
- Find the time it takes for both pipes to fill the tank together.

## Approach:
1. **Find the rate of each pipe:**
   - Pipe A: 1/6 of the tank per hour
   - Pipe B: 1/4 of the tank per hour

2. **Find the combined rate:**
   - Combined rate = 1/6 + 1/4 = (2/12) + (3/12) = 5/12 of the tank per hour

3. **Find the time to fill the tank:**
   - Time = 1 / (Combined rate) = 1 / (5/12) = 12/5 hours = 2.4 hours

**Verification:",5,"The response follows the same correct logical steps as the reference, clearly computes each pipe’s rate, adds them to get the combined rate, inverts to find the total time, and converts to hours-minutes, with no errors or gaps.",Qwen/Qwen3-0.6B,sft_datasetA,0.5,16,0.0002,1.3520945310592651
T2,M5,math,"<think>
Let me analyze the sequence step by step.

The sequence is: 2, 6, 18, 54, ...

I notice that each term is multiplied by 3 to get the next term. Let me verify:

- 2 * 3 = 6 ✔️
- 6 * 3 = 18 ✔️
- 18 * 3 = 54 ✔️
- 54 * 3 = 162 ✔️

The pattern is multiplying by 3 each time.

To find the 8th term:

- 2 * 3^7 = 2 * 2187 = 4374

**Answer:** The 8th term is 4374.
</think>

# Sequence Analysis

## Step 1: Identify the Pattern

The sequence is: 2, 6, 18, 54, ...

I notice that each term is multiplied by 3 to get the next term.

- 2 * 3 = 6 ✔️
- 6 * 3 = 18 ✔️
- 18 * 3 = 54 ✔️
- 54 * 3 = 162 ✔️

The pattern is multiplying by 3 each time.

## Step 2: Find the 8th Term

To find the 8th term:

- 2 * 3^7 = 2 * 2187 = 4374

**Answer:** The 8th term is 4374.",5,"The response correctly identifies the geometric pattern, applies the appropriate formula, and calculates the 8th term accurately with clear step-by-step reasoning.",Qwen/Qwen3-0.6B,sft_datasetA,0.5,16,0.0002,1.3520945310592651
T3,G1,general,"<think>
Let me work through this logic problem step by step.

First, I need to understand what's being asked: Alice, Bob, and Carol each own exactly one pet: a cat, a dog, or a fish. Alice does not own the cat. Bob does not own the dog. Carol does not own the fish. Who owns which pet?

Key values: Alice, Bob, Carol

Working through the logic:

Step 1: Analyze the constraints

From the problem, we have the following constraints:

1. Alice does not own the cat
2. Bob does not own the dog
3. Carol does not own the fish

Step 2: Determine the possible pets

Let me consider each person's possible pet and check if it satisfies all constraints.

Case 1: Alice owns the cat

This violates the first constraint (Alice does not own the cat). So this is invalid.

Case 2: Alice owns the dog

This violates the second constraint (Bob does not own the dog). So this is invalid.

Case 3: Alice owns the fish

This satisfies all constraints. Let's check:

- Alice owns the fish ✓ (satisfies Alice's constraint)
- Bob owns the dog ✓ (Bob's constraint is violated)
- Carol owns the cat ✓ (Carol's constraint is violated)

This is a contradiction. What's wrong here?

Step 3: Re-examine the constraints

Let me re-examine the constraints to see if I missed something.

The problem states:
- Alice does not own the cat
- Bob does not own the dog
- Carol does not own the fish

Let me consider each person's possible pet and check if it satisfies all constraints.

Case 1: Alice owns the cat

This violates the first constraint (Alice does not own the cat). So this is invalid.

Case 2: Alice owns the dog

This violates the second constraint (Bob does not own the dog). So this is invalid.

Case 3: Alice owns the fish

This satisfies all constraints. Let's check:

- Alice owns the fish ✓ (satisfies Alice's constraint)
- Bob owns the dog ✓ (Bob's constraint is violated)
- Carol owns the cat ✓ (Carol's constraint is violated)

This is a contradiction. What's wrong here?

Step 4: Re-examine the constraints

Let me re-examine the constraints to see if I missed something.

The problem states:
- Alice does not own the cat
- Bob does not own the dog",2,"The candidate correctly identifies the constraints but makes a critical error in Case 2 (claiming Alice owning the dog violates Bob’s constraint) and fails to explore valid assignments, concluding no valid solution exists when two do.",Qwen/Qwen3-0.6B,sft_datasetA,1.0,16,0.0002,1.211247205734253
T3,G2,general,"<think>
Let me work through this problem step by step.

First, I need to understand what's being asked: A bat and a ball together cost $1.10. The bat costs $1.00 more than the ball. How much does the ball cost?

Key values: bat = $1.00, ball = ?.

Let me set up an equation. Let x represent the cost of the ball. The bat costs $1.00 more than the ball, so the bat costs x + $1.00. The total cost is the sum of the bat and the ball: (x + $1.00) + x = $1.10.

Solving the equation: x + $1.00 + x = $1.10
2x + $1.00 = $1.10
2x = $0.10
x = $0.05

Therefore, the ball costs $0.05.
</think>

# Solution: Bat and Ball Problem

## Step 1: Define Variables
Let $x$ represent the cost of the ball.

## Step 2: Set Up the Equation
The bat costs $1.00 more than the ball. So the bat costs $x + $1.00.

The total cost is the sum of the bat and the ball: $(x + $1.00) + x = $1.10.

## Step 3: Solve the Equation
$$x + $1.00 + x = $1.10$$
$$2x + $1.00 = $1.10$$
$$2x = $0.10$$
$$x = $0.05$$

## Step 4: Verify the Solution
- The bat costs $0.05 + $1.00 = $1.05
- The ball costs $0.05
- Total cost: $1.05 + $0.05 = $1.10 ✓

## Step 5: Final Answer
The ball costs **$0.05**.",5,"The response provides a complete, correct solution with clear step-by-step algebraic reasoning, proper equation setup, accurate solving, and verification.",Qwen/Qwen3-0.6B,sft_datasetA,1.0,16,0.0002,1.211247205734253
T3,G3,general,"<think>
Let me think through this carefully.

The question asks: In a room of 30 people, is it more likely than not that at least two share a birthday? Explain your reasoning step by step without necessarily computing the exact probability.

My reasoning: Step 1: Understand the Problem
The question asks: In a room of 30 people, is it more likely than not that at least two share a birthday? Explain your reasoning step by step without necessarily computing the exact probability.

My reasoning: Step 1: Understand the Problem

The question asks: In a room of 30 people, is it more likely than not that at least two share a birthday?

My reasoning: Step 1: Understand the Problem

The question asks: In a room of 30 people, is it more likely than not that at least two share a birthday?

My reasoning: Step 1: Understand the Problem

The question asks: In a room of 30 people, is it more likely than not that at least two share a birthday?

My reasoning: Step 1: Understand the Problem

The question asks: In a room of 30 people, is it more likely than not that at least two share a birthday?

My reasoning: Step 1: Understand the Problem

The question asks: In a room of 30 people, is it more likely than not that at least two share a birthday?

My reasoning: Step 1: Understand the Problem

The question asks: In a room of 30 people, is it more likely than not that at least two share a birthday?

My reasoning: Step 1: Understand the Problem

The question asks: In a room of 30 people, is it more likely than not that at least two share a birthday?

My reasoning: Step 1: Understand the Problem

The question asks: In a room of 30 people, is it more likely than not that at least two share a birthday?

My reasoning: Step 1: Understand the Problem

The question asks: In a room of 30 people, is it more likely than not that at least two share a birthday?

My reasoning: Step 1: Understand the Problem

The question asks: In a room of 30 people, is it more likely than not that at least two share a birthday?

My reasoning: Step 1: Understand the Problem

The question asks: In a room of 30 people, is it more likely than not that at",1,"The response is stuck in an infinite loop, repeating the same introductory sentence without ever progressing to any substantive reasoning or answer.",Qwen/Qwen3-0.6B,sft_datasetA,1.0,16,0.0002,1.211247205734253
T3,G4,general,"<think>
Let me work through this problem step by step.

First, I need to understand what's being asked: If all Bloops are Razzies, and all Razzies are Lazzies, are all Bloops definitely Lazzies? What logical principle applies here? Explain step by step.

Key values: 1, 2, 3, 4, 5, 6, 7, 8, 9, 10, 11, 12, 13, 14, 15, 16, 17, 18, 19, 20, 21, 22, 23, 24, 25, 26, 27, 28, 29, 30, 31, 32, 33, 34, 35, 36, 37, 38, 39, 40, 41, 42, 43, 44, 45, 46, 47, 48, 49, 50, 51, 52, 53, 54, 55, 56, 57, 58, 59, 60, 61, 62, 63, 64, 65, 66, 67, 68, 69, 70, 71, 72, 73, 74, 75, 76, 77, 78, 79, 80, 81, 82, 83, 84, 85, 86, 87, 88, 89, 90, 91, 92, 93, 94, 95, 96, 97, 98, 99, 100, 101, 102, 103, 104, 105, 106, 107, 108, 109, 110, 111,",2,"The response only lists numbers 1-111 without any reasoning or explanation, showing no engagement with the logical problem.",Qwen/Qwen3-0.6B,sft_datasetA,1.0,16,0.0002,1.211247205734253
T3,G5,general,"<think>
Let me think through this problem step by step.

The problem: A farmer has 17 sheep. All but 9 die. How many sheep are left?

My reasoning: 17 - 9 = 8

This is a simple subtraction problem. The farmer has 17 sheep in total. All but 9 die, which means 9 sheep have died. To find the number of sheep remaining, we subtract the number of dead sheep from the total number of sheep: 17 - 9 = 8.

Verification: 17 sheep - 9 sheep = 8 sheep. Yes, this is correct.
</think>

# Solution: 17 - 9 = 8

## Reasoning:
- The farmer has 17 sheep in total.
- All but 9 die, which means 9 sheep have died.
- To find the number of sheep remaining, we subtract the number of dead sheep from the total number of sheep: 17 - 9 = 8.

## Verification:
1. 17 sheep - 9 sheep = 8 sheep
2. 17 sheep - 9 sheep = 8 sheep

This is correct.",2,"The candidate misinterprets ""all but 9 die"" as ""9 died"" instead of ""9 survived,"" leading to an incorrect answer, but shows a basic attempt at reasoning.",Qwen/Qwen3-0.6B,sft_datasetA,1.0,16,0.0002,1.211247205734253
T3,M1,math,"<think>
Let me work through this problem step by step.

First, I need to understand what's being asked: A train travels at 60 km/h for 2 hours, then at 90 km/h for 1.5 hours. What is the total distance travelled? Show all working.

Key values: 60 km/h, 2 hours, 90 km/h, 1.5 hours.

Working:
1. Calculate the distance traveled in the first 2 hours:
   - Distance = Speed × Time
   - Distance = 60 km/h × 2 h = 120 km

2. Calculate the distance traveled in the next 1.5 hours:
   - Distance = Speed × Time
   - Distance = 90 km/h × 1.5 h = 135 km

3. Add the two distances together:
   - Total distance = 120 km + 135 km = 255 km

4. Verify the calculation:
   - First 2 hours: 60 × 2 = 120 km
   - Next 1.5 hours: 90 × 1.5 = 135 km
   - Total: 120 + 135 = 255 km ✓

Answer: 255 km
</think>

# Solution

## Step 1: Calculate the distance traveled in the first 2 hours

$$\text{Distance} = \text{Speed} \times \text{Time}$$
$$\text{Distance} = 60 \, \text{km/h} \times 2 \, \text{h} = 120 \, \text{km}$$

## Step 2: Calculate the distance traveled in the next 1.5 hours

$$\text{Distance} = \text{Speed} \times \text{Time}$$
$$\text{Distance} = 90 \, \text{km/h} \times 1.5 \, \text{h} = 135 \, \text{km}$$

## Step 3: Add the two distances together

$$\text{Total distance} = 120 \, \text{km} + 135 \, \text{km} = 255 \, \text{km}$$

## Verification",5,"The response correctly applies the distance formula in two clear steps, adds the results accurately, and includes a verification check, matching the gold-standard reasoning exactly.",Qwen/Qwen3-0.6B,sft_datasetA,1.0,16,0.0002,1.211247205734253
T3,M2,math,"<think>
Let me think through this problem step by step.

The problem asks: Find the sum of all integers from 1 to 100. Show the formula you use and explain why it works.

My reasoning: This is a classic arithmetic progression problem. The formula for the sum of an arithmetic sequence is:

$$S_n = \frac{n}{2} \times (a_1 + a_n)$$

Where:
- $S_n$ is the sum of the first $n$ terms
- $a_1$ is the first term
- $a_n$ is the $n$th term

In this case, the first term $a_1 = 1$ and the last term $a_n = 100$.

Substituting into the formula:

$$S_{100} = \frac{100}{2} \times (1 + 100)$$

$$S_{100} = 50 \times 101$$

$$S_{100} = 5050$$

Verification: We can verify this by adding the numbers from 1 to 100 directly:

$$1 + 2 + 3 + \cdots + 100$$

This is an arithmetic sequence with $n = 100$ terms, first term $a_1 = 1$, and common difference $d = 1$.

Using the formula:

$$S_{100} = \frac{100}{2} \times (1 + 100)$$

$$S_{100} = 50 \times 101$$

$$S_{100} = 5050$$

Verification: We can verify this by adding the numbers from 1 to 100 directly:

$$1 + 2 + 3 + \cdots + 100$$

This is an arithmetic sequence with $n = 100$ terms, first term $a_1 = 1$, and common difference $d = 1$.

Using the formula:

$$S_{100} = \frac{100}{2} \times (1 + 100)$$

$$S_{100} = 50 \times 101$$

$$S_{100} = 5050$$

Verification",4,"The candidate correctly applies the arithmetic-series formula and arrives at the right answer, but the explanation of why the formula works is missing, and the response contains unnecessary repetition.",Qwen/Qwen3-0.6B,sft_datasetA,1.0,16,0.0002,1.211247205734253
T3,M3,math,"<think>
Let me work through this problem step by step.

First, I need to understand what's being asked: A store sells an item at a 20% discount. After the discount the price is $80. What was the original price? Show step-by-step working.

Key values given: 20% discount, $80 final price, unknown original price.

Working through the problem:

Step 1: Identify the discount rate
The store offers a 20% discount on the original price.

Step 2: Set up the equation
Let x be the original price.
After applying the 20% discount, the final price is:
x * (1 - 20%) = x * 0.80 = 80

Step 3: Solve for x
x * 0.80 = 80
x = 80 / 0.80
x = 100

Step 4: Verify the solution
If the original price is $100:
- 20% discount: 100 * 0.20 = $20
- Final price: 100 - 20 = $80 ✓

This matches the given final price of $80.

Answer: The original price was $100.
</think>

# Solution

## Step-by-Step Working

**Given:**
- Discount rate: 20%
- Final price: $80

**Step 1: Identify the discount rate**
The store offers a 20% discount on the original price.

**Step 2: Set up the equation**
Let x be the original price.
After applying the 20% discount, the final price is:
$$x \times (1 - 20\%) = x \times 0.80 = 80$$

**Step 3: Solve for x**
$$x \times 0.80 = 80$$
$$x = \frac{80}{0.80}$$
$$x = 100$$

**Step 4: Verify the solution**
If the original price is $100:
- 20% discount: 100 * 0.20 = $20
- Final price: 100 - 20 = $80 ✓

This matches the given final price of $80.

## Final",5,"The response correctly solves the problem with clear, logical steps, proper equation setup, accurate calculation, and verification.",Qwen/Qwen3-0.6B,sft_datasetA,1.0,16,0.0002,1.211247205734253
T3,M4,math,"<think>
Let me work through this problem step by step.

First, I need to understand what's being asked: Two pipes can fill a tank in 6 hours and 4 hours respectively. If both pipes are opened simultaneously, how long will it take to fill the tank? Show all reasoning.

Key values: 6, 4

Working through the solution:

Step 1: Identify the rates of each pipe
Pipe A: 1/6 of the tank per hour
Pipe B: 1/4 of the tank per hour

Step 2: Calculate the combined rate
Combined rate = 1/6 + 1/4 = 4/24 + 6/24 = 10/24 = 5/12 tank per hour

Step 3: Set up the equation
Let t = time to fill the tank
5/12 * t = 1 tank

Step 4: Solve for t
t = 1 / (5/12) = 12/5 = 2.4 hours

Step 5: Convert to hours and minutes
2 hours = 120 minutes
0.4 hours = 24 minutes
Total time = 120 + 24 = 144 minutes

Step 6: Verify the answer
If both pipes work together for 2.4 hours:
Pipe A fills 1/6 * 2.4 = 0.4 tanks
Pipe B fills 1/4 * 2.4 = 0.6 tanks
Total = 0.4 + 0.6 = 1 tank ✓

This confirms that 2.4 hours is the correct answer.
</think>

# Solution

## Step 1: Identify the rates of each pipe
Pipe A: 1/6 of the tank per hour
Pipe B: 1/4 of the tank per hour

## Step 2: Calculate the combined rate
Combined rate = 1/6 + 1/4 = 4/24 + 6/24 = 10/24 = 5/12 tank per hour

## Step 3: Set up the equation
Let t = time to fill the tank
5/12 * t = 1 tank

## Step 4: Solve for t
t = 1 / (5/12) = 12/5 = 2.4",5,"The response follows the same correct logic as the reference, clearly showing each pipe’s rate, correctly adding them to get 5/12 tank per hour, solving for time as 12/5 = 2.4 hours, and even includes a verification step that confirms the answer.",Qwen/Qwen3-0.6B,sft_datasetA,1.0,16,0.0002,1.211247205734253
T3,M5,math,"<think>
Let me analyze this problem step by step.

First, I need to understand what's being asked: A sequence starts: 2, 6, 18, 54, ... What is the 8th term? Identify the pattern and show your working.

Key values: 2, 6, 18, 54, ...

Working through the sequence:

Step 1: Identify the pattern
Looking at the sequence: 2, 6, 18, 54, ...

I notice that each term is multiplied by 3 to get the next term:
- 2 × 3 = 6
- 6 × 3 = 18
- 18 × 3 = 54
- 54 × 3 = 162

Step 2: Verify the pattern
Let me verify this pattern with the first few terms:
- 2 × 3 = 6 ✔
- 6 × 3 = 18 ✔
- 18 × 3 = 54 ✔
- 54 × 3 = 162 ✔

Step 3: Find the 8th term
Using the pattern: 2 × 3^(n-1) where n is the term number
- For n = 8: 2 × 3^(8-1) = 2 × 3^7 = 2 × 2187 = 4374

Verification:
- 2 × 3^7 = 2 × 2187 = 4374 ✔
- 4374 × 3 = 13122 ✔

Final Answer: The 8th term is 4374.
</think>

# Solution

## Step 1: Identify the pattern

Looking at the sequence: 2, 6, 18, 54, ...

I notice that each term is multiplied by 3 to get the next term:
- 2 × 3 = 6
- 6 × 3 = 18
- 18 × 3 = 54
- 54 × 3 = 162

## Step 2: Verify the pattern

Let me verify this pattern with the first few terms:
- 2 × 3 = 6 ✔
- 6 × 3 = 18 ✔
-",5,"The response correctly identifies the geometric pattern, applies the formula accurately, and shows clear step-by-step reasoning with verification to arrive at the correct 8th term of 4374.",Qwen/Qwen3-0.6B,sft_datasetA,1.0,16,0.0002,1.211247205734253
T4,G1,general,"<think>
Let me work through this logic puzzle step by step.

First, I need to understand what's being asked: Alice, Bob, and Carol each own exactly one pet: a cat, a dog, or a fish. Alice does not own the cat. Bob does not own the dog. Carol does not own the fish. Who owns which pet?

Key values given: 1, 2, 3

Working through the logic:
</think>

# Solution: Who Owns Which Pet?

## Step 1: Analyze the constraints

From the problem, we have the following information:
- Alice does not own the cat
- Bob does not own the dog
- Carol does not own the fish

## Step 2: List the pets

There are three pets: cat, dog, and fish.

## Step 3: Analyze each person's ownership

### Alice
- Does not own the cat
- So Alice must own either the dog or the fish

### Bob
- Does not own the dog
- So Bob must own either the cat or the fish

### Carol
- Does not own the fish
- So Carol must own either the cat or the dog

## Step 4: Determine the possible combinations

Let me consider all possible combinations of ownership:

**Case 1: Alice owns the dog**
- Alice: dog
- Bob: ?
- Carol: ?

Since Alice cannot own the cat, and Bob cannot own the dog, Bob must own the fish.
- Bob: fish
- Carol: cat

**Case 2: Alice owns the fish**
- Alice: fish
- Bob: ?
- Carol: ?

Since Alice cannot own the cat, and Bob cannot own the dog, Bob must own the cat.
- Bob: cat
- Carol: dog

**Case 3: Alice owns the cat**
- Alice: cat
- Bob: ?
- Carol: ?

Since Alice cannot own the cat, and Bob cannot own the dog, Bob must own the fish.
- Bob: fish
- Carol: dog

## Step 5: Verify all constraints

Let me check each case to ensure all constraints are satisfied:

### Case 1: Alice = dog, Bob = fish, Carol = cat

- Alice does not own the cat ✓
- Bob does not own the dog ✓
- Carol does not own the fish ✓

### Case 2: Alice = fish, Bob = cat, Carol = dog

- Alice does not own the cat ✓",3,"The response correctly identifies both valid solutions but includes a flawed Case 3 that violates the constraint ""Alice does not own the cat,"" indicating a reasoning error.",Qwen/Qwen3-0.6B,sft_datasetA,1.0,32,0.0001,1.1448544263839722
T4,G2,general,"<think>
Let me work through this problem step by step.

First, I need to understand what's being asked: A bat and a ball together cost $1.10. The bat costs $1.00 more than the ball. How much does the ball cost?

Key values given: 1, 1, 1, 1, 1, 1, 1, 1, 1, 1, 1, 1, 1, 1, 1, 1, 1, 1, 1, 1, 1, 1, 1, 1, 1, 1, 1, 1, 1, 1, 1, 1, 1, 1, 1, 1, 1, 1, 1, 1, 1, 1, 1, 1, 1, 1, 1, 1, 1, 1, 1, 1, 1, 1, 1, 1, 1, 1, 1, 1, 1, 1, 1, 1, 1, 1, 1, 1, 1, 1, 1, 1, 1, 1, 1, 1, 1, 1, 1, 1, 1, 1, 1, 1, 1, 1, 1, 1, 1, 1, 1, 1, 1, 1, 1, 1, 1, 1, 1, 1, 1, 1, 1, 1, 1, 1, 1, 1, 1, 1, 1, 1, 1, 1, 1, 1, 1, 1, 1, 1, 1, 1, 1, 1, 1, 1, 1, 1, 1, 1, 1, 1, 1, 1, 1, 1, 1, 1, 1, 1, 1, 1, 1, 1, 1, 1, 1, 1, 1, 1, 1",1,"The response contains only a long string of the number ""1"" with no actual reasoning or answer to the problem.",Qwen/Qwen3-0.6B,sft_datasetA,1.0,32,0.0001,1.1448544263839722
T4,G3,general,"<think>
Let me think through this carefully.

The question asks: In a room of 30 people, is it more likely than not that at least two share a birthday? Explain your reasoning step by step without necessarily computing the exact probability.

My reasoning: Step-by-Step Reasoning

Let me analyze this carefully.

Step 1: Understand the Problem
We need to determine if the probability of at least one shared birthday is greater than 50% (or 1/2).

Step 2: Consider the Worst Case Scenario
If all 30 people had unique birthdays, there would be exactly 30 unique birthdays.

Step 3: Calculate the Probability of All Unique Birthdays
The probability of all 30 people having unique birthdays is:
$$P(\text{All Unique}) = \frac{30}{36} \times \frac{29}{35} \times \frac{28}{34} \times \cdots \times \frac{1}{3}$$

Step 4: Calculate the Probability of At Least One Shared Birthday
The complement of ""at least one shared birthday"" is ""all birthdays are unique."" The probability of all birthdays being unique is:
$$P(\text{No Shared Birthdays}) = \frac{30}{36} \times \frac{29}{35} \times \frac{28}{34} \times \cdots \times \frac{1}{3}$$

Step 5: Calculate the Final Answer
$$P(\text{At Least One Shared Birthday}) = 1 - P(\text{All Unique})$$

Let me verify this with a smaller example:
- 2 people: 1/2 = 50% chance of unique birthdays
- 3 people: 2/6 = 33.33% chance of unique birthdays
- 4 people: 3/24 = 12.5% chance of unique birthdays
- 5 people: 4/120 = 3.33% chance of unique birthdays

This confirms the formula works.

Step 6: Verify the Result
The probability of at least one shared birthday is greater than 50%.
</think>

# Step-by-Step Reasoning

Let me analyze this carefully.

## Step 1: Understand the Problem
We need to determine if the probability of at least one shared birthday is greater than 50",1,"The candidate uses an entirely wrong model (30/36 × 29/35 …) that has no connection to the 365-day calendar, leading to an incorrect conclusion and demonstrating a fundamental misunderstanding of the birthday problem.",Qwen/Qwen3-0.6B,sft_datasetA,1.0,32,0.0001,1.1448544263839722
T4,G4,general,"<think>
Let me work through this problem step by step.

First, I need to understand what's being asked: If all Bloops are Razzies, and all Razzies are Lazzies, are all Bloops definitely Lazzies? What logical principle applies here? Explain step by step.

Key values given: 1, 2, 3, 4, 5, 6, 7, 8, 9, 10

My approach:
1. Analyze the logical relationships
   - ""All Bloops are Razzies"" means: If an object is a Bloop, then it is a Razzie
   - ""All Razzies are Lazzies"" means: If an object is a Razzie, then it is a Lazzie
   - Logical implication: If A is B, then A is C
   - This is a transitive relationship
2. Identify the conclusion
   - The conclusion is: All Bloops are definitely Lazzies
3. Determine the logical principle
   - This is a transitive implication
   - The principle is: If A is B, then A is C
   - Transitive property of sets
4. Verify the conclusion
   - If all Bloops are Razzies (A is B), and all Razzies are Lazzies (A is C), then all Bloops are Lazzies (A is C)
   - This is a valid logical deduction
5. Verify the conclusion is consistent
   - If all Bloops are Lazzies, then all Bloops are Razzies (A is B)
   - If all Razzies are Lazzies, then all Razzies are Lazzies (A is C)
   - This is a consistent chain of implications
</think>

# Analyzing the Logical Principle

## Step 1: Identify the logical relationships
- ""All Bloops are Razzies"" means: If an object is a Bloop, then it is a Razzie
- ""All Razzies are Lazzies"" means: If an object is a Razzie, then it is a Lazzie
- Logical implication: If A is B, then A is C
- This is a **transitive relationship**

## Step 2: Identify the conclusion
- The conclusion is: **All Bloops are definitely Lazzies**

## Step 3: Determine the logical principle",3,"The candidate correctly identifies the transitive relationship and reaches the right conclusion, but the reasoning is muddled—mislabeling the implication pattern as “If A is B, then A is C” instead of the proper chain “A→B→C ⇒ A→C,” and the verification step is circular.",Qwen/Qwen3-0.6B,sft_datasetA,1.0,32,0.0001,1.1448544263839722
T4,G5,general,"<think>
Let me think through this carefully.

The question asks: A farmer has 17 sheep. All but 9 die. How many sheep are left?

My reasoning: Step-by-Step Reasoning

1.  The farmer has 17 sheep in total.

2.  All but 9 die.

3.  This means that 9 sheep have died.

4.  The farmer has 17 - 9 = 8 sheep remaining.

5.  The answer is 8.

Verification

| Initial | After death | Remaining |
|--------|------------|-----------|
| 17 | 17 - 9 | 8 |

This confirms that the answer is correct.
</think>

My reasoning: Step-by-Step Reasoning

1.  The farmer has 17 sheep in total.

2.  All but 9 die.

3.  This means that 9 sheep have died.

4.  The farmer has 17 - 9 = 8 sheep remaining.

5.  The answer is 8.

Verification

| Initial | After death | Remaining |
|--------|------------|-----------|
| 17 | 17 - 9 | 8 |

This confirms that the answer is correct.",2,"The candidate misinterprets ""all but 9 die"" as ""9 die"" instead of ""9 survive,"" leading to an incorrect answer despite showing some reasoning steps.",Qwen/Qwen3-0.6B,sft_datasetA,1.0,32,0.0001,1.1448544263839722
T4,M1,math,"<think>
Let me work through this problem step by step.

First, I need to understand what's being asked: A train travels at 60 km/h for 2 hours, then at 90 km/h for 1.5 hours. What is the total distance travelled? Show all working.

Key values given: 60, 2, 90, 1.5

My approach:
1. Calculate the distance covered in the first 2 hours
2. Calculate the distance covered in the next 1.5 hours
3. Add the two distances together

Working:
1. First segment: 60 km/h × 2 hours = 120 km
2. Second segment: 90 km/h × 1.5 hours = 135 km
3. Total distance = 120 km + 135 km = 255 km

Verification: 60 × 2 = 120 km; 90 × 1.5 = 135 km; 120 + 135 = 255 km ✓

This gives us the final answer: 255 km
</think>

## Solution

To find the total distance traveled by the train, we need to calculate the distance covered in each segment of the journey and then sum them up.

### Step 1: Calculate the distance for the first segment
The train travels at 60 km/h for 2 hours.

$$\text{Distance} = 60 \, \text{km/h} \times 2 \, \text{hours} = 120 \, \text{km}$$

### Step 2: Calculate the distance for the second segment
The train travels at 90 km/h for 1.5 hours.

$$\text{Distance} = 90 \, \text{km/h} \times 1.5 \, \text{hours} = 135 \, \text{km}$$

### Step 3: Add the two distances together
$$\text{Total Distance} = 120 \, \text{km} + 135 \, \text{km} = 255 \, \text{km}$$

### Verification:
- First segment: 60 × 2 = 120 km ✓
- Second segment: 90",5,"The response correctly applies the distance formula to each segment, shows clear step-by-step calculations, verifies the arithmetic, and arrives at the right answer with no errors.",Qwen/Qwen3-0.6B,sft_datasetA,1.0,32,0.0001,1.1448544263839722
T4,M2,math,"<think>
Let me work through this problem step by step.

First, I need to understand what's being asked: Find the sum of all integers from 1 to 100. Show the formula you use and explain why it works.

Key values given: 1, 100

My approach:
1. 1 + 2 + 3 + 4 + 5 + 6 + 7 + 8 + 9 + 10
2. 11 + 12 + 13 + 14 + 15 + 16 + 17 + 18 + 19 + 20
3. 21 + 22 + 23 + 24 + 25 + 26 + 27 + 28 + 29 + 30
4. 31 + 32 + 33 + 34 + 35 + 36 + 37 + 38 + 39 + 40
5. 41 + 42 + 43 + 44 + 45 + 46 + 47 + 48 + 49 + 50
6. 51 + 52 + 53 + 54 + 55 + 56 + 57 + 58 + 59 + 60
7. 61 + 62 + 63 + 64 + 65 + 66 + 67 + 68 + 69 + 70
8. 71 + 72 + 73 + 74 + 75 + 76 + 77 + 78 + 79 + 80
9. 81 + 82 + 83 + 84 + 85 + 86 + 87 + 88 + 89 + 90
10. 91 + 92 + 93 + 94 + 95 + 96 + 97 + 98 + 99 + 100

This gives us the final answer: 5050
</think>

## Solution

### Step 1: Identify the Pattern
The sequence from 1 to 1",2,"The candidate correctly identifies the final answer but provides no formula or explanation of why it works, instead just listing grouped sums without showing how they lead to the total or deriving the general formula.",Qwen/Qwen3-0.6B,sft_datasetA,1.0,32,0.0001,1.1448544263839722
T4,M3,math,"<think>
Let me work through this problem step by step.

First, I need to understand what's being asked: A store sells an item at a 20% discount. After the discount the price is $80. What was the original price? Show step-by-step working.

Key values given: 20%, 80

My approach:
1. 20% of the original price is the discount amount
2. 80 is the final price after applying the discount
3. The original price is equal to the final price divided by the discount rate
4. The discount rate is 20%, so I can write the equation: original price = 80 / 0.20
5. This gives me the original price: 80 / 0.20 = 400

Verification: Let me verify this answer by plugging it back into the original problem.
</think>

# Solution: Finding the Original Price

## Step 1: Understand the Problem
A store sells an item at a **20% discount**. After the discount, the price is **$80**. We need to find the **original price**.

## Step 2: Set Up the Equation
Let $P$ be the original price before the discount.

The discount amount is 20% of $P$:
$$P \times 0.20 = \text{discount amount}$$

The final price after the discount is $80:
$$P \times (1 - 0.20) = 80$$

## Step 3: Solve for $P$
$$P \times 0.80 = 80$$
$$P = \frac{80}{0.80}$$
$$P = 100$$

## Step 4: Verification
Let me verify this answer by plugging it back into the original problem:
- Original price: $100
- Discount amount: $100 \times 0.20 = \$20$
- Final price: $100 - \$20 = \$80$ ✓

## Step 5: Alternative Method (Using Decimals)
$$\text{Discount rate} = 20\% = 0.20$$
$$\text{Final price} = 80$$
$$\text{Original price} = \frac{80}{0.2",2,"The candidate initially sets up the correct equation (0.8P = 80) but then inexplicably divides 80 by 0.20 instead of 0.80, arriving at the wrong answer of $400, and the verification step incorrectly confirms this error.",Qwen/Qwen3-0.6B,sft_datasetA,1.0,32,0.0001,1.1448544263839722
T4,M4,math,"<think>
Let me work through this problem step by step.

First, I need to understand what's being asked: Two pipes can fill a tank in 6 hours and 4 hours respectively. If both pipes are opened simultaneously, how long will it take to fill the tank? Show all reasoning.

Key values given: 6, 4

My approach:
1. 1. Find the rate of each pipe
2. 2. Find the combined rate
3. 3. Find the time to fill the tank

Working through the calculation:
1. 1. Find the rate of each pipe
   - Pipe A fills the tank in 6 hours: rate = 1/6 tank/hour
   - Pipe B fills the tank in 4 hours: rate = 1/4 tank/hour
2. 2. Find the combined rate
   - Combined rate = 1/6 + 1/4 = (2 + 3)/12 = 5/12 tank/hour
3. 3. Find the time to fill the tank
   - Time = total tank / combined rate = 1 tank / (5/12 tank/hour) = 12/5 hours = 2.4 hours

Verification:
- Pipe A fills 1/6 tank in 6 hours: 1/6 * 6 = 1 tank ✓
- Pipe B fills 1/4 tank in 4 hours: 1/4 * 4 = 1 tank ✓
- Combined rate: 1/6 + 1/4 = 5/12 tank/hour ✓
- Time = 1 tank / (5/12 tank/hour) = 12/5 hours = 2.4 hours ✓

Final Answer: 2.4 hours
</think>

# Solution: Time to Fill a Tank with Two Pipes

## Step 1: Find the rate of each pipe

- **Pipe A** fills the tank in 6 hours: rate = 1/6 tank/hour
- **Pipe B** fills the tank in 4 hours: rate = 1/4 tank/hour

## Step 2: Find the combined rate

- Combined rate = 1/6 + 1/4 = (2 + 3)/12 = 5/12 tank/hour

## Step 3: Find the time to fill the tank

- Time =",4,"The candidate correctly calculates the combined rate and time (2.4 hours) with clear step-by-step reasoning, but omits the final conversion to hours and minutes (2 hours 24 minutes) that the reference answer includes.",Qwen/Qwen3-0.6B,sft_datasetA,1.0,32,0.0001,1.1448544263839722
T4,M5,math,"<think>
Let me analyze this sequence step by step.

Given sequence: 2, 6, 18, 54, ...

Step 1: Identify the pattern
Let me examine the differences between consecutive terms:
- 6 - 2 = 4
- 18 - 6 = 12
- 54 - 18 = 36

The differences themselves form a sequence: 4, 12, 36

Step 2: Identify the pattern in the differences
Let me examine the differences between consecutive differences:
- 12 - 4 = 8
- 36 - 12 = 24

The differences themselves form a sequence: 8, 24

Step 3: Identify the pattern in the differences
Let me examine the differences between consecutive differences:
- 24 - 8 = 16

The differences themselves form a sequence: 16

Step 4: Identify the pattern
The sequence of differences is 4, 12, 36, 8, 16, 24, 36, 48, 60, 72, 84, 96, 108, 120, 132, 144, 156, 168, 180, 192, 204, 216, 228, 240, 252, 264, 276, 288, 300, 312, 324, 336, 348, 360, 372, 384, 396, 408, 420, 432, 444, 456, 468, 480, 492, 504, 516, 528, 540, 552, 564, 576, 588, 600, 612, 624, 636, 648, 660, 672, 684, 696, 70",2,"The response correctly identifies the first few terms but uses an overly complex and incorrect difference-based approach instead of recognizing the simple geometric pattern, leading to a completely wrong continuation and no valid 8th term calculation.",Qwen/Qwen3-0.6B,sft_datasetA,1.0,32,0.0001,1.1448544263839722
T5,G1,general,"<think>
Let me work through this problem step by step.

First, I need to understand what's being asked: Alice, Bob, and Carol each own exactly one pet: a cat, a dog, or a fish. Alice does not own the cat. Bob does not own the dog. Carol does not own the fish. Who owns which pet?

Key information:
- Alice owns one pet
- Bob owns one pet
- Carol owns one pet
- Alice does not own the cat
- Bob does not own the dog
- Carol does not own the fish

Let me list out the possible assignments.

Option 1: Alice owns the dog
- Alice: Dog
- Bob: ?
- Carol: ?

Since Alice owns the dog, Bob cannot own the dog. Bob cannot own the dog, so Bob must own either the cat or the fish.
- Bob: Cat or Fish
- Carol: The remaining pet

If Bob owns the cat, then Carol must own the fish.
- Bob: Cat
- Carol: Fish

This works! Let me verify all conditions:
- Alice: Dog ✓ (Alice does not own the cat)
- Bob: Cat ✓ (Bob does not own the dog)
- Carol: Fish ✓ (Carol does not own the fish)

Option 2: Alice owns the fish
- Alice: Fish
- Bob: ?
- Carol: ?

Since Alice owns the fish, Bob cannot own the fish. Bob cannot own the fish, so Bob must own either the cat or the dog.
- Bob: Cat or Dog
- Carol: The remaining pet

If Bob owns the cat, then Carol must own the dog.
- Bob: Cat
- Carol: Dog

This works! Let me verify all conditions:
- Alice: Fish ✓ (Alice does not own the fish)
- Bob: Cat ✓ (Bob does not own the dog)
- Carol: Dog ✓ (Carol does not own the dog)

Option 3: Alice owns the cat
- Alice: Cat
- Bob: ?
- Carol: ?

Since Alice owns the cat, Bob cannot own the cat. Bob cannot own the cat, so Bob must own either the dog or the fish.
- Bob: Dog or Fish
- Carol: The remaining pet

If Bob owns the dog, then Carol must own the fish.
- Bob: Dog
- Carol: Fish

This works! Let me verify all conditions:
- Alice: Cat ✓ (Alice does not own the cat)
- Bob: Dog ✓ (",2,"The candidate correctly identifies two valid solutions but makes a critical error in Option 3 by claiming Alice can own the cat despite the clue ""Alice does not own the cat,"" and the verification checkmarks are nonsensical (e.g., marking ""Alice does not own the fish"" for Alice owning fish).",Qwen/Qwen3-0.6B,sft_datasetA,1.0,64,5e-05,1.22597074508667
T5,G2,general,"<think>
Let me work through this problem step by step.

First, I need to identify what is given and what is being asked.

Given:
- A bat and a ball together cost $1.10
- The bat costs $1.00 more than the ball

What is being asked:
- How much does the ball cost?

Let me define variables:
- Let x = cost of the ball
- Let y = cost of the bat

From the problem, we know:
- The bat costs $1.00 more than the ball: y = x + 1.00
- The total cost of the bat and ball is $1.10: x + y = 1.10

Substituting the expression for y into the total cost equation:
- x + (x + 1.00) = 1.10
- 2x + 1.00 = 1.10
- 2x = 0.10
- x = 0.05

Therefore, the ball costs $0.05.

Let me verify this solution:
- The bat costs $1.00 + $0.05 = $1.05
- The ball costs $0.05
- The total cost is $1.05 + $0.05 = $1.10 ✓

This matches the given total cost of $1.10.
</think>

# Solution

## Step 1: Define Variables
Let:
- $ x $ = cost of the ball
- $ y $ = cost of the bat

## Step 2: Set Up Equations
From the problem:
- The bat costs $1.00 more than the ball: $ y = x + 1.00 $
- The total cost of the bat and ball is $1.10: $ x + y = 1.10 $

## Step 3: Substitute and Solve
Substitute $ y = x + 1.00 $ into the total cost equation:
- $ x + (x + 1.00) = 1.10 $
- $ 2x + 1.00 = 1.10 $
- $ 2x = 0.10 $
- $ x = 0.05 $

## Step 4: Verify
- The bat costs $1.00 + $",5,"The response sets up correct variables and equations, solves them step-by-step, arrives at the right answer, and includes a clear verification check.",Qwen/Qwen3-0.6B,sft_datasetA,1.0,64,5e-05,1.22597074508667
T5,G3,general,"<think>
Let me think through this carefully.

The question asks: In a room of 30 people, is it more likely than not that at least two share a birthday? Explain your reasoning step by step without necessarily computing the exact probability.

My reasoning: This is a classic birthday paradox problem.

The key idea is that the probability of at least one collision increases exponentially with the number of people.

Let me explain this step by step:

1. **Understanding the Problem**: We have 30 people in a room. We want to know if it's more likely than not that at least two of them share a birthday.

2. **What's a Birthday?**: A birthday is a day of the year (January 1st to December 31st).

3. **Total Number of Days**: There are 365 days in a year.

4. **Probability of No One Sharing a Birthday**: The probability that no two people share a birthday is the product of the probabilities that each person has a unique birthday.

   - First person: 365/365 = 1 (they have no birthday to share)
   - Second person: 364/365 (they have a unique birthday)
   - Third person: 363/365 (they have a unique birthday)
   - ...
   - 30th person: 335/365 (they have a unique birthday)

5. **Probability of No One Sharing a Birthday**: This is the product of the probabilities:

   $$
   P(\text{no one shares a birthday}) = \frac{365}{365} \times \frac{364}{365} \times \frac{363}{365} \times \cdots \times \frac{335}{365}
   $$

6. **Probability of At Least One Collision**: This is 1 minus the probability of no one sharing a birthday.

   $$
   P(\text{at least one collision}) = 1 - P(\text{no one shares a birthday})
   $$

7. **Calculating the Probability**: This is a very large number. Let me calculate it numerically.

   $$
   P(\text{no one shares a birthday}) = \frac{365!}{(365 - 30)!} \times \frac{1}{365^{30",4,"Correct answer and clear step-by-step reasoning, but includes an unnecessary and incomplete calculation attempt that slightly detracts from the clarity.",Qwen/Qwen3-0.6B,sft_datasetA,1.0,64,5e-05,1.22597074508667
T5,G4,general,"<think>
Let me work through this problem step by step.

First, I need to understand what's being asked: ""If all Bloops are Razzies, and all Razzies are Lazzies, are all Bloops definitely Lazzies? What logical principle applies here? Explain step by step.""

Key terms: Bloops, Razzies, Lazzies

I need to determine if all Bloops are definitely Lazzies based on the given conditions.

Step 1: Identify the relationships
- All Bloops are Razzies
- All Razzies are Lazzies

Step 2: Apply logical reasoning
- If all A are B, then all A are C
- If all B are C, then all B are D
- If all A are B and all B are C, then all A are C

Applying this to the given conditions:
- All Bloops are Razzies (A → B)
- All Razzies are Lazzies (B → C)

This means: If you have all Bloops (A), then they must be Razzies (B), and if you have all Razzies (B), then they must be Lazzies (C). Therefore, if you have all Bloops, you can conclude they must be Lazzies.

Step 3: Verify with a counterexample
- Let's say there are some Bloops: B1, B2, B3
- All of them are Razzies: R1, R2, R3
- All of them are Lazzies: L1, L2, L3

This satisfies all conditions:
- All Bloops are Razzies: B1, B2, B3 are R1, R2, R3
- All Razzies are Lazzies: R1, R2, R3 are L1, L2, L3

Therefore, all Bloops are definitely Lazzies.

Logical principle: Transitive Closure
This is a classic example of transitive reasoning. The principle states that if A → B and B → C, then A → C. In this case, the relationships are:
- A → B (All Bloops are Razzies)
- B → C (All Razzies are Lazzies)

Applying this principle directly leads to the conclusion that all Bloops are Lazzies.
</think>

# Solution: ""If all Bloops are Razzies, and",5,"The response correctly concludes that all Bloops are Lazzies, provides clear step-by-step reasoning, accurately identifies the transitive property, and uses a valid counterexample to verify the conclusion.",Qwen/Qwen3-0.6B,sft_datasetA,1.0,64,5e-05,1.22597074508667
T5,G5,general,"<think>
Let me think through this problem step by step.

The problem says: A farmer has 17 sheep. All but 9 die. How many sheep are left?

My reasoning: 17 sheep - 9 sheep = 8 sheep

This is a simple subtraction problem. The farmer has 17 sheep, and all but 9 die. So, we need to subtract 9 from 17 to find how many sheep are left.

Verification: 17 - 9 = 8. Yes, this is correct.
</think>

# Solution: 17 - 9 = 8

## Reasoning:
- The farmer has 17 sheep.
- All but 9 die.
- To find the number of sheep left, we subtract the number of sheep that died from the total number of sheep.

$$17 - 9 = 8$$

## Verification:
- 17 - 9 = 8 ✓
- 8 + 9 = 17 ✓

This is a simple subtraction problem. The farmer has 17 sheep, and all but 9 die. So, we need to subtract 9 from 17 to find how many sheep are left.

## Final Answer:
**8 sheep**",2,"The candidate fundamentally misinterprets ""all but 9 die"" as ""9 die"" instead of ""9 survive,"" leading to incorrect subtraction and answer.",Qwen/Qwen3-0.6B,sft_datasetA,1.0,64,5e-05,1.22597074508667
T5,M1,math,"<think>
Let me work through this problem step by step.

First, I need to understand what is being asked: ""A train travels at 60 km/h for 2 hours, then at 90 km/h for 1.5 hours. What is the total distance travelled? Show all working.""

Key values: 60 km/h, 2 hours, 90 km/h, 1.5 hours

Working:
1. Calculate the distance traveled at 60 km/h for 2 hours:
   - Distance = Speed × Time
   - Distance = 60 km/h × 2 h = 120 km

2. Calculate the distance traveled at 90 km/h for 1.5 hours:
   - Distance = Speed × Time
   - Distance = 90 km/h × 1.5 h = 135 km

3. Add the two distances together to find the total distance:
   - Total distance = 120 km + 135 km = 255 km

Answer: The total distance traveled by the train is 255 kilometers.
</think>

# Solution

## Step 1: Calculate the distance traveled at 60 km/h for 2 hours

$$\text{Distance} = \text{Speed} \times \text{Time}$$

$$\text{Distance} = 60 \, \text{km/h} \times 2 \, \text{h} = 120 \, \text{km}$$

## Step 2: Calculate the distance traveled at 90 km/h for 1.5 hours

$$\text{Distance} = \text{Speed} \times \text{Time}$$

$$\text{Distance} = 90 \, \text{km/h} \times 1.5 \, \text{h} = 135 \, \text{km}$$

## Step 3: Add the two distances together to find the total distance

$$\text{Total distance} = 120 \, \text{km} + 135 \, \text{km} = 255 \, \text{km}$$

## Final Answer

The total distance traveled by the train is **255 kilometers**.",5,"The response correctly applies the distance formula in two clear, sequential steps and accurately sums the results to reach the right answer with full working shown.",Qwen/Qwen3-0.6B,sft_datasetA,1.0,64,5e-05,1.22597074508667
T5,M2,math,"<think>
Let me think through this problem step by step.

The problem asks: Find the sum of all integers from 1 to 100. Show the formula you use and explain why it works.

My reasoning: The sum of all integers from 1 to 100 is a well-known arithmetic series problem. The formula for the sum of an arithmetic series is:

$$S = \frac{n}{2} \times (a_1 + a_n)$$

Where:
- $n$ is the number of terms (here, 100),
- $a_1$ is the first term (here, 1),
- $a_n$ is the last term (here, 100).

Substituting the values:
$$S = \frac{100}{2} \times (1 + 100) = 50 \times 101 = 5050$$

Verification: The sum of 1 to 100 can be calculated by adding all integers from 1 to 99 and then adding 100:
$$S = (1 + 2 + \cdots + 99) + 100$$
$$S = \frac{99 \times 100}{2} + 100$$
$$S = 4950 + 100 = 5050$$

This confirms the formula works.
</think>

The sum of all integers from 1 to 100 is a well-known arithmetic series problem. The formula for the sum of an arithmetic series is:

$$S = \frac{n}{2} \times (a_1 + a_n)$$

Where:
- $n$ is the number of terms (here, 100),
- $a_1$ is the first term (here, 1),
- $a_n$ is the last term (here, 100).

Substituting the values:
$$S = \frac{100}{2} \times (1 + 100) = 50 \times 101 = 5050$$

Verification: The sum of 1 to 100 can be calculated by adding all integers from 1 to 99 and then adding 100:
$$S = (1 + 2 + \cdots + 99) + 1",4,"Correct answer and valid arithmetic-series formula, but the explanation of why the formula works is missing, unlike the reference answer that provides the elegant pairing insight.",Qwen/Qwen3-0.6B,sft_datasetA,1.0,64,5e-05,1.22597074508667
T5,M3,math,"<think>
Let me work through this problem step by step.

First, I need to understand what's being asked: A store sells an item at a 20% discount. After the discount the price is $80. What was the original price?

Key values: 20% discount, $80 final price, unknown original price

Step 1: Identify the discount rate
The store offers a 20% discount on the original price.

Step 2: Represent the original price as a variable
Let the original price be $P.

Step 3: Set up the equation
After applying the 20% discount, the final price is $80. The formula for a discount is:
Final price = Original price × (1 - Discount rate)

Plugging in the numbers:
$80 = P × (1 - 20%)

Step 4: Calculate the discount amount
20% of $P is $0.20P

Step 5: Subtract the discount from the original price
$80 = P - $0.20P

Step 6: Solve for P
$80 = $0.80P
P = $80 / $0.80

Step 7: Calculate the original price
P = $100

Verification:
If the original price is $100, then the discount is $20 (20% of $100). The final price would be $100 - $20 = $80, which matches the given final price.

Answer: The original price was $100.
</think>

# Solution

## Step 1: Identify the discount rate
The store offers a 20% discount on the original price.

## Step 2: Represent the original price as a variable
Let the original price be $P$.

## Step 3: Set up the equation
After applying the 20% discount, the final price is $80. The formula for a discount is:
$$\text{Final price} = \text{Original price} \times (1 - \text{Discount rate})$$

Plugging in the numbers:
$$80 = P \times (1 - 20\%)$$

## Step 4: Calculate the discount amount
20% of $P is $0.20P

## Step 5: Subtract the discount from the original price
$$8",5,"The response provides a correct answer with clear, complete, and accurate step-by-step reasoning, including proper setup of the discount equation, correct algebraic manipulation, and a verification step.",Qwen/Qwen3-0.6B,sft_datasetA,1.0,64,5e-05,1.22597074508667
T5,M4,math,"<think>
Let me work through this problem step by step.

First, I need to understand what is being asked: ""Two pipes can fill a tank in 6 hours and 4 hours respectively. If both pipes are opened simultaneously, how long will it take to fill the tank? Show all reasoning.""

Key values given:
- Pipe A: 1 tank per 6 hours
- Pipe B: 1 tank per 4 hours

I need to find the time it takes for both pipes to fill the tank together.

Step 1: Find the rate of each pipe
Pipe A: 1 tank / 6 hours = 1/6 tank/hour
Pipe B: 1 tank / 4 hours = 1/4 tank/hour

Step 2: Find the combined rate
Combined rate = 1/6 + 1/4 = (2/12) + (3/12) = 5/12 tank/hour

Step 3: Find the time to fill the tank
Time = 1 tank / (5/12 tank/hour) = 12/5 hours = 2 hours and 4/5 hours = 2 hours + 0.8 hours = 2 hours + 48 minutes = 2:48 hours

Verification:
- Pipe A fills 1/6 tank in 6 hours
- Pipe B fills 1/4 tank in 4 hours
- Together, they fill 1/6 + 1/4 = 5/12 tank in 12/5 hours
- 5/12 tank / 1 tank per hour = 5/12 hours = 2 hours and 4/5 hours = 2:48 hours

Answer: 2 hours and 48 minutes
</think>

# Solution

## Step 1: Find the rate of each pipe

Pipe A: 1 tank / 6 hours = 1/6 tank/hour
Pipe B: 1 tank / 4 hours = 1/4 tank/hour

## Step 2: Find the combined rate

Combined rate = 1/6 + 1/4 = (2/12) + (3/12) = 5/12 tank/hour

## Step 3: Find the time to fill the tank

Time = 1 tank / (5/12 tank/hour) = 12",2,"The reasoning correctly calculates the combined rate (5/12 tank/hour) but makes a critical error in converting 12/5 hours to 2 hours 48 minutes instead of the correct 2 hours 24 minutes, leading to a wrong final answer despite showing some valid steps.",Qwen/Qwen3-0.6B,sft_datasetA,1.0,64,5e-05,1.22597074508667
T5,M5,math,"<think>
Let me analyze this problem step by step.

The problem is: A sequence starts: 2, 6, 18, 54, ... What is the 8th term? Identify the pattern and show your working.

First, I need to understand what is being asked: A sequence starts: 2, 6, 18, 54, ... What is the 8th term? Identify the pattern and show your working.

Key elements to identify:
- The sequence starts with 2
- The next terms are 6, 18, 54
- The question asks for the 8th term

I need to find the pattern and then calculate the 8th term.

Step 1: Identify the pattern
Looking at the sequence: 2, 6, 18, 54, ...

Let me calculate the differences between consecutive terms:
- 6 - 2 = 4
- 18 - 6 = 12
- 54 - 18 = 36

The differences are: 4, 12, 36

Looking at the differences: 4, 12, 36

I notice that each difference is multiplied by 3:
- 4 * 3 = 12
- 12 * 3 = 36

This suggests that each term is the previous term multiplied by 3.

Step 2: Verify the pattern
Let me verify:
- 2 * 3 = 6 ✓
- 6 * 3 = 18 ✓
- 18 * 3 = 54 ✓

Step 3: Calculate the 8th term
Using the pattern: Each term is the previous term multiplied by 3

Term 1: 2
Term 2: 2 * 3 = 6
Term 3: 6 * 3 = 18
Term 4: 18 * 3 = 54
Term 5: 54 * 3 = 162
Term 6: 162 * 3 = 486
Term 7: 486 * 3 = 1458
Term 8: 1458 * 3 = 4374

Verification:
- Term 1: 2 ✓
- Term 2:",5,"The response correctly identifies the multiplicative pattern, verifies it, and systematically computes each term up to the 8th, arriving at the right answer with clear, step-by-step reasoning.",Qwen/Qwen3-0.6B,sft_datasetA,1.0,64,5e-05,1.22597074508667
