model,stage,trial,prompt_id,type,response,score,reason
Qwen/Qwen3-0.6B,baseline,base,G1,general,"<think>
Okay, let's try to figure out who owns which pet. So, there are three people: Alice, Bob, and Carol. Each has exactly one pet: a cat, a dog, or a fish. The clues are:

1. Alice does not own the cat.
2. Bob does not own the dog.
3. Carol does not own the fish.

Hmm, let's start by listing out the possibilities. Each person has one pet, so each pet is assigned to one person. Since there are three people and three pets, each pet must be assigned to one person. Let's break down the clues.

First clue: Alice does not own the cat. So Alice's pet is either a dog or a fish. That means Alice can't have the cat. So Alice's pet is dog or fish.

Second clue: Bob does not own the dog. So Bob's pet is either a cat or a fish. But wait, Alice already can't have the cat. So Bob's pet is either dog or fish. But Bob can't have the dog, so Bob must have fish. Wait, but hold on. Let me check again.

Wait, the second clue says Bob does not own the dog. So Bob's pet is not dog. So Bob's pet is either cat or fish. But Alice already can't have the cat. So Alice's pet is dog or fish. So if Bob can't have the dog, then Bob's pet is either cat or fish. But Alice can't have the cat. So if Bob's pet is fish, then Alice's pet would be dog. Alternatively, if Bob's pet is cat, then Alice's pet would be fish. But wait, let's think.

But there's also the third clue: Carol does not own the fish. So Carol's pet is not fish. So Carol's pet is either cat or dog. So Carol can't have fish. So if Carol's pet is cat or dog, and Alice can't have cat, then Alice's pet is dog or fish. But Bob can't have dog, so Bob's pet is fish or cat. But Carol can't have fish, so Carol's pet is cat or dog.

Let me try to assign possibilities step by step.

First, let's consider Alice's possible pets. Since Alice can't have the cat, her pet is dog or fish. Let's consider both possibilities.

Case 1: Alice owns the dog.

Then, since Bob can't own the dog, Bob must own",3,"The candidate correctly identifies the constraints and explores Alice owning the dog, but stops mid-thought without completing the assignment or checking the second valid case, leaving the solution incomplete."
Qwen/Qwen3-0.6B,baseline,base,G2,general,"<think>
Okay, let's see. The problem says a bat and a ball together cost $1.10. The bat costs $1.00 more than the ball. I need to find out how much the ball costs. Hmm, let me think.

First, let me assign variables. Let me call the cost of the ball ""B"" dollars. Then, since the bat is $1.00 more than the ball, the cost of the bat would be B + 1.00. 

So, the total cost of the bat and the ball is (B + 1.00) + B. According to the problem, this total is $1.10. So, I can write the equation: (B + 1.00) + B = 1.10.

Let me simplify that equation. Combining like terms, that would be 2B + 1.00 = 1.10. Then, subtract 1.00 from both sides to get 2B = 0.10. 

To find B, divide both sides by 2. So, B = 0.10 / 2, which is $0.05. 

Wait, let me check if that makes sense. If the ball costs $0.05, then the bat would cost $1.05. Adding them together, 0.05 + 1.05 equals $1.10, which matches the total. Yep, that seems right. 

I don't think I made any mistakes here. The reasoning is straightforward by setting up the equation and solving step by step. The key was to recognize that the bat's cost is $1 more than the ball's, so adding both together gives the total. Then solving for the ball's cost gives $0.05.
</think>

Let $ x $ be the cost of the ball. Since the bat costs $1.00 more than the ball, the bat's cost is $ x + 1.00 $. The total cost of the bat and ball is $ x + (x + 1.00) = 1.10 $. Simplifying:

$$
2x + 1.00 = 1.10
$$

Subtract 1.00 from both sides:

$$
2x = 0.10
$$

Divide by 2:

$$
x",5,"The candidate correctly sets up the equation, solves it step-by-step, and verifies the answer, matching the gold standard perfectly."
Qwen/Qwen3-0.6B,baseline,base,G3,general,"<think>
Okay, so there's this problem: In a room of 30 people, is it more likely than not that at least two share a birthday? Hmm, let me think. I remember something about birthdays and probabilities. I think it's related to the birthday paradox. But wait, I need to recall exactly how it works.

First, the question is about whether at least two people share a birthday. So, the opposite of that is that all birthdays are unique. If there are 30 people, then the number of possible birthdays is 365. If all birthdays are unique, then there are 30 different ones. But how does that relate to the probability?

I think the key here is to calculate the probability that all birthdays are unique. If that probability is less than 50%, then it's more likely than not that at least two share a birthday. Otherwise, it's less likely. So, the idea is to find the probability that all 30 birthdays are different, and then compare it to 50%.

Let me try to break it down. The first person can have any birthday, so there's no restriction. The second person has to have a birthday different from the first, so there are 364 possible choices. The third person has to have a birthday different from the first two, so 363 choices. And so on, until the 30th person. So, the total number of possible unique birthday combinations is 365 * 364 * 363 * ... * (365 - 29).

But calculating this directly would be tedious. Instead, I remember that the probability of all birthdays being unique is 365! / (365 - 30)! divided by 365^30. Wait, is that right? Let me think. The probability that the first person has a unique birthday is 1. The second person has 364/365, because they can't share with the first. The third person has 363/365, etc. So multiplying all these together gives the probability that all birthdays are unique.

So, the formula is P = 365 * 364 * 363 * ... * (365 - 29) / 365^30.

But calculating this exactly would be complicated. However, I remember that the birthday paradox states that",3,"The candidate correctly identifies the complementary probability approach and the multiplicative structure, but stops short of completing the argument or providing the key insight about the number of pairs, leaving the reasoning incomplete."
Qwen/Qwen3-0.6B,baseline,base,G4,general,"<think>
Okay, let's see. The question is about whether all Bloops are definitely Lazzies, given that all Bloops are Razzies and all Razzies are Lazzies. Hmm, I need to figure this out step by step.

First, let me break down the information. The first statement says that all Bloops are Razzies. So, if I have a Bloop, then it must be a Razzie. The second statement says all Razzies are Lazzies. So, if I have a Razzie, then it must be a Lazzie. 

Now, the question is asking if all Bloops are definitely Lazzies. So, starting with the first statement, all Bloops are Razzies. Then, since all Razzies are Lazzies, combining these two, all Bloops must be Lazzies. That seems straightforward. 

Wait, but maybe I should check if there's any possibility that a Bloop could be a Lazzie or not. But since all Bloops are Razzies, and all Razzies are Lazzies, there's no room for exceptions. So, if you take any Bloop, it's Razzie, and since all Razzies are Lazzies, then it must be Lazzie. 

I think that's it. The logical principle here is the transitive property of sets. If A is a subset of B and B is a subset of C, then A is a subset of C. Applying that here, since all Bloops are Razzies (A is Bloops, B is Razzies), and all Razzies are Lazzies (B is Razzies, C is Lazzies), then all Bloops are Lazzies. 

So, the answer should be yes, all Bloops are definitely Lazzies, and the principle is the transitive property of sets.
</think>

To determine whether all Bloops are definitely Lazzies, we can apply the **transitive property of sets**. Here's the reasoning step by step:

1. **Given**:  
   - All Bloops are Razzies (B → Razzies).  
   - All Razzies are Lazzies (Razzies → Lazzies).  

2. **Logical Implication**:  
   If every Bloop is a Razzie, and every Razzie is a Lazzie, then by the **trans",4,"Correct conclusion and identifies the transitive property, but the explanation is slightly less structured and lacks the explicit set-inclusion notation and analogy that make the reference answer exceptionally clear."
Qwen/Qwen3-0.6B,baseline,base,G5,general,"<think>
Okay, let's see. The problem says a farmer has 17 sheep. All but 9 die. How many are left? Hmm. So, first, I need to figure out how many sheep are left after some die. The key here is understanding the phrasing: ""All but 9 die."" That sounds like ""All of them except 9 die."" So, if there are 17 sheep in total, and 9 die, then the remaining ones would be 17 minus 9. Let me check that again. 17 minus 9 is 8. So, 8 sheep are left. But wait, maybe I should think about it in another way to make sure. Sometimes these problems can be tricky if you misinterpret the words. For example, does ""all but 9"" mean that 9 are not dead, or that 9 are dead and the rest are alive? The wording says ""All but 9 die,"" which is a bit ambiguous. But in standard math problems, when they say ""all but X die,"" it usually means that X are not dead. So, if there are 17 sheep, and 9 are dead, then the remaining ones are 17 minus 9. That would be 8. So, the answer should be 8. Let me just verify with numbers. Suppose there are 17 sheep. If 9 die, then 17 - 9 = 8. Yep, that makes sense. I don't see any other interpretations here. The answer is 8.
</think>

The farmer has 17 sheep in total. The phrase ""All but 9 die"" means that **9 sheep are not dead**, so we need to subtract the number of dead sheep from the total. 

17 sheep - 9 dead sheep = 8 sheep left.  

**Answer:** 8 sheep are left.",2,"The candidate misinterprets ""all but 9 die"" as ""9 die"" instead of ""9 survive,"" leading to an incorrect answer despite showing some reasoning steps."
Qwen/Qwen3-0.6B,baseline,base,M1,math,"<think>
Okay, let's see. The problem is about a train traveling at different speeds for different durations and we need to find the total distance. Hmm, right. So, the train first goes at 60 km/h for 2 hours, then at 90 km/h for 1.5 hours. I need to calculate the distance covered in each part and add them together.

First, I remember that distance equals speed multiplied by time. So, for the first part, the speed is 60 km/h and the time is 2 hours. Let me write that down: distance1 = speed1 × time1. Plugging in the numbers, that would be 60 km/h × 2 hours. Let me calculate that. 60 times 2 is 120 km. So, the first segment is 120 km.

Now, the second part is at 90 km/h for 1.5 hours. Again, using the same formula, distance2 = speed2 × time2. So, 90 km/h × 1.5 hours. Let me compute that. 90 times 1.5... Well, 90 times 1 is 90, and 90 times 0.5 is 45, so adding those together gives 135 km. So, the second segment is 135 km.

Now, to find the total distance, I just add the two distances together: 120 km + 135 km. Let me add those. 120 plus 135... 120 + 100 is 220, plus 35 more is 255 km. So, the total distance traveled by the train is 255 kilometers.

Wait, let me double-check my calculations to make sure I didn't make any mistakes. First, 60 times 2 is definitely 120. Then 90 times 1.5. Hmm, 1.5 is the same as 3/2, so 90 times 3 is 270, divided by 2 is 135. Yep, that's correct. Adding 120 and 135 gives 255. I think that's right. No, wait, 120 plus 135... 120 + 135. Let",5,"The candidate correctly applies the distance formula to each segment, shows clear step-by-step calculations, verifies the arithmetic, and arrives at the correct total distance of 255 km."
Qwen/Qwen3-0.6B,baseline,base,M2,math,"<think>
Okay, so I need to find the sum of all integers from 1 to 100. Hmm, let me think. I remember there's a formula for the sum of an arithmetic series. The formula is (n/2) * (a1 + an), where n is the number of terms, a1 is the first term, and an is the last term. Let me check if that's right.

First, let me confirm the number of terms. From 1 to 100 inclusive, how many numbers is that? Well, 100 minus 1 is 99, so that's 99 terms? Wait, no, if you start at 1 and go up to 100, the number of terms is 100. Because 1 + 99 = 100. So n is 100. 

Then the first term a1 is 1, and the last term an is 100. Plugging these into the formula: (100/2) * (1 + 100). Let me compute that. 100 divided by 2 is 50, and 1 plus 100 is 101. Then 50 multiplied by 101. Let me do that multiplication. 50 * 100 is 5000, and 50 * 1 is 50, so total is 5050. 

Wait, but let me verify this another way to make sure I didn't make a mistake. Maybe adding them up in parts? For example, pairing numbers from 1 to 50 and 51 to 100. Each pair adds up to 50 + 51 = 101, and there are 50 pairs. So 50 * 101 = 5050. Yep, same result. 

Alternatively, I remember another formula: n(n + 1)/2. Let me check that. If n is 100, then 100*101/2. Which is the same as 50*101, which is 5050. So that formula works too. 

So regardless of the method, the answer should be 5050. Let me just think if there's any catch here. The formula works for",5,"The candidate correctly applies the arithmetic-series formula, verifies it with an alternative pairing method, and confirms the result with the n(n+1)/2 formula, showing clear, error-free reasoning."
Qwen/Qwen3-0.6B,baseline,base,M3,math,"<think>
Okay, let's see. The problem says a store sells an item at a 20% discount, and after the discount, the price is $80. I need to find the original price before the discount. Hmm, right. So, discounts usually mean you subtract a percentage from the original price. But wait, sometimes people might confuse discounts with taxes. But here, it's a 20% discount, so I think it's just a percentage off the original price.

Let me think. If the original price is, say, X dollars, then after a 20% discount, the new price would be X minus 20% of X. Which is the same as X multiplied by (1 - 0.20) or 0.80. So, the new price is 0.80 times the original price. And they told us that the new price is $80. So, I can set up the equation: 0.80 * X = 80. Then, to find X, I need to divide both sides by 0.80. Let me check that again. Yes, because if 0.80 times X equals 80, then X equals 80 divided by 0.80. Let me do the division. 80 divided by 0.80... Well, 0.80 times 100 is 80, so 80 divided by 0.80 is 100. Therefore, the original price is $100. Let me verify that. If the original price was $100, then a 20% discount would be 20% of 100, which is $20. Subtracting that from 100 gives 80, which matches the given price. Yep, that seems right. I don't think I made any mistakes here. The key was understanding that the discount is applied to the original price, so it's a percentage off, not a tax. So the original price is $100.
</think>

To find the original price before a 20% discount, we start with the given discounted price of $80. Since the discount is 20%, the original price is 80 divided by 0.80 (which is 1 - 0.20). 

$$
\text{Original Price} = \",5,"The response correctly identifies the relationship between original and discounted price, sets up the equation 0.8 × X = 80, solves it accurately, and verifies the answer with a clear check."
Qwen/Qwen3-0.6B,baseline,base,M4,math,"<think>
Okay, so there are two pipes that can fill a tank. One pipe can fill the tank in 6 hours, and the other one can fill it in 4 hours. The question is asking how long it will take for both pipes to fill the tank together. Hmm, let me think about how to approach this.

First, I remember that when dealing with rates of work or filling a tank, the combined rate is the sum of the individual rates. So, maybe I need to find out how much of the tank each pipe can fill per hour and then add those rates together to get the combined rate. Then, divide that by the total tank volume to find the time.

Let me write that down. Let's denote the rate of the first pipe as R1 and the rate of the second pipe as R2. Since they can fill the tank in 6 hours and 4 hours respectively, their rates should be 1/6 and 1/4 per hour, right? Because if something takes 6 hours to fill a tank, then in one hour it fills 1/6 of the tank. Similarly for the second pipe.

So, R1 = 1/6 and R2 = 1/4. Adding these together, the combined rate would be R1 + R2 = 1/6 + 1/4. To add these fractions, I need a common denominator. The least common denominator for 6 and 4 is 12. Converting them, 1/6 is 2/12 and 1/4 is 3/12. Adding them gives 5/12. So, the combined rate is 5/12 of the tank per hour.

Now, to find the time it takes to fill the entire tank, I need to take the reciprocal of the combined rate. That is, 1 divided by (5/12). Which is the same as multiplying by 12/5. So, 12/5 hours. Converting that into a mixed number, it's 2 and 2/5 hours. Which is 2 hours and 24 minutes. 

Wait, let me check if that makes sense. If one pipe fills 1/6 per hour and the other 1/4 per hour, then together they fill (1/6 + 1/4) per hour. Let me verify with actual numbers. Let's say the tank is 12 units. Then",5,"The candidate correctly identifies the need to add rates, converts to a common denominator, computes the combined rate, takes its reciprocal for the time, and converts to hours-minutes, mirroring the gold-standard steps without error."
Qwen/Qwen3-0.6B,baseline,base,M5,math,"<think>
Okay, let's see. The sequence given is 2, 6, 18, 54, ... and I need to find the 8th term. Hmm, first, I should check if there's a pattern here. Let me write down the terms again to see:

Term 1: 2  
Term 2: 6  
Term 3: 18  
Term 4: 54  
...

So, starting from term 1, each term seems to be multiplied by 3. Let me check:

Term 1 * 3 = 2 * 3 = 6, which matches term 2.  
Term 2 * 3 = 6 * 3 = 18, which matches term 3.  
Term 3 * 3 = 18 * 3 = 54, which matches term 4.  

So, it looks like each term is multiplied by 3. Therefore, the pattern is multiplying by 3 each time. 

Now, to find the 8th term, I can use this pattern. Let me confirm with term 5. Term 5 would be 54 * 3 = 162. Let me check if that's correct. Yes, 54 * 3 is indeed 162. 

So, the general formula for the nth term would be 2 * 3^(n-1). Let me verify with n=1: 2*3^(0) = 2*1=2. Correct. For n=2: 2*3^1=6. Correct. For n=3: 2*3^2=18. Correct. For n=4: 2*3^3=54. Correct. 

Therefore, the 8th term would be 2*3^(7). Let me calculate that. 3^7 is 2187. So 2*2187 is 4374. 

Wait, let me double-check. 3^7: 3^2=9, 3^3=27, 3^4=81, 3^5=243, 3^6=729, 3^7=2187. Yes, correct. Multiply by 2: 2*2187. Let me compute that. 200",5,"The candidate correctly identified the geometric pattern, derived the general formula, verified it with multiple terms, and accurately calculated the 8th term with clear step-by-step reasoning."
Qwen/Qwen3-1.7B,baseline,base,G1,general,"<think>
Okay, let's try to figure out who owns which pet. So, there are three people: Alice, Bob, and Carol. Each has a different pet: cat, dog, or fish. The clues are:

1. Alice does not own the cat.
2. Bob does not own the dog.
3. Carol does not own the fish.

Hmm, let's start by listing out the possible pets each person can have. 

First, Alice can't have the cat. So her options are dog or fish. 

Bob can't have the dog, so his options are cat or fish. 

Carol can't have the fish, so her options are cat or dog.

Now, since each person has exactly one pet, and there are three pets, each must be assigned to one person. Let's try to find contradictions or possible assignments.

Let me consider each person's possible pets and see if there's a way to assign them without conflicts.

Let's start with Alice. She can have dog or fish. Let's suppose Alice has the dog. Then Bob can't have the dog, so Bob must have either cat or fish. But Carol can't have fish, so if Bob has fish, then Carol can't have fish, but that's okay. Wait, let's check.

If Alice has dog, then Bob can't have dog. So Bob's options are cat or fish. Let's say Bob has cat. Then Carol must have fish. But wait, Carol can't have fish. Oh, that's a problem. So if Carol has fish, that's not allowed. Therefore, this scenario leads to a contradiction. So if Alice has dog, then Bob can't have cat, because then Carol would have fish, which is invalid. So maybe Bob has fish instead.

If Alice has dog, Bob has fish. Then Carol must have cat. But Carol can't have fish, which is okay here. So Carol has cat. Let's check if that works. 

So:

Alice: dog

Bob: fish

Carol: cat

But wait, Carol has cat, which is allowed. Let me check the constraints again.

Alice doesn't have cat (correct, she has dog). Bob doesn't have dog (correct, he has fish). Carol doesn't have fish (correct, she has cat). So that works. So this is a possible solution.

But let's check if there's another possibility. What if Alice has fish instead of dog?

So Alice has fish. Then Bob can't have",4,"The candidate correctly identifies both valid solutions through systematic elimination, but the explanation is slightly disorganized and cuts off mid-thought at the end."
Qwen/Qwen3-1.7B,baseline,base,G2,general,"<think>
Okay, let's try to figure out this bat and ball problem. So, the problem says that a bat and a ball together cost $1.10. And the bat costs $1.00 more than the ball. We need to find out how much the ball costs.

Hmm, let's start by setting up some variables. Let me call the cost of the ball ""x"" dollars. Then, since the bat is $1.00 more than the ball, the bat would cost ""x + 1.00"" dollars. 

Now, the total cost of both the bat and the ball is $1.10. So, adding the cost of the ball and the bat together should equal $1.10. That would be:

x + (x + 1.00) = 1.10

Let me simplify that equation. Combining like terms, that's 2x + 1.00 = 1.10. Then, subtracting 1.00 from both sides gives 2x = 0.10. Dividing both sides by 2, we get x = 0.05. So, the ball costs $0.05?

Wait, that seems really cheap. But let me check again. If the ball is $0.05, then the bat is $1.05. Adding them together, $0.05 + $1.05 = $1.10. Yep, that adds up. So the ball does cost $0.05. 

But wait, sometimes these problems have a twist. Let me think again. The problem says the bat costs $1.00 more than the ball. So if the ball is $0.05, the bat is $1.05. Total is $1.10. That's correct. So the answer is $0.05. 

I think that's right. Maybe the trick is that the bat is $1.00 more, so the total is $1.10, which is $1.00 + $0.10. So the ball is $0.10 less than the bat. Wait, but the bat is $1.00 more than the ball. So if the total is $1.10, then the ball is $0.05. Yeah, that makes sense. 

Another way to think",5,"The candidate correctly sets up the algebraic equation, solves it step-by-step, verifies the solution, and even double-checks the interpretation, matching the gold-standard reasoning exactly."
Qwen/Qwen3-1.7B,baseline,base,G3,general,"<think>
Okay, let's see. The question is about whether in a room of 30 people, it's more likely than not that at least two share a birthday. Hmm. I remember something about the birthday problem, but I need to think through it step by step without calculating the exact probability.

First, I know that the classic birthday problem asks how many people are needed for there to be a 50% chance that two share a birthday. But here, the question is about 30 people and whether it's more likely than not (so 50% or more) that at least two share a birthday. So I need to figure out if the probability is over 50%.

Let me recall the logic. The probability that no two people share a birthday is calculated by considering the number of possible birthday combinations. For the first person, there are 365 possible days. The second person has 364 days left, the third has 363, and so on. So the probability that all birthdays are unique is 365/365 * 364/365 * 363/365 * ... * (365 - 29)/365. Then, the probability that at least two share a birthday is 1 minus that product.

But the question says not to compute the exact probability. So maybe I can reason about it without calculating the numbers. Let me think about how the probability decreases as the number of people increases.

When you add more people, the chance that someone shares a birthday with another increases. For example, with 2 people, the probability is 1 - 365/365 * 364/365 ≈ 1 - 0.997 = 0.0027, which is about 0.27%. With 30 people, the probability is higher. But how does it compare to 50%?

I remember that with 23 people, the probability is about 50%. So for 30 people, it should be higher than 50%. But why? Because as the number of people increases, the probability of a collision increases. So with 30 people, the probability is higher than 50%, so it's more likely than not.

But wait, maybe I should think about the fact that with 30 people, the number of possible pairs is C",4,"The candidate correctly identifies the key insight that 23 people gives ~50% probability and thus 30 people must exceed 50%, but the reasoning could be more clearly structured and doesn't fully develop the complementary probability approach."
Qwen/Qwen3-1.7B,baseline,base,G4,general,"<think>
Okay, let's see. The user is asking if all Bloops are Razzies, and all Razzies are Lazzies, so are all Bloops definitely Lazzies? And they want to know the logical principle involved.

First, I need to recall some basic logic principles. This seems like a case of transitive relationships. If A is a subset of B, and B is a subset of C, then A is a subset of C. So, if all Bloops are Razzies (Blop ⊆ Razzie), and all Razzies are Lazzies (Razzie ⊆ Lazzie), then Blop should be a subset of Lazzie. So, all Bloops are Lazzies.

But wait, let me make sure. Let's break it down step by step. The first statement says ""all Bloops are Razzies."" That translates to: For every Blop, it is a Razzie. So, Blop → Razzie. The second statement is ""all Razzies are Lazzies,"" which is Razzie → Lazzie. So combining these two, if Blop → Razzie and Razzie → Lazzie, then by transitive reasoning, Blop → Lazzie. Therefore, all Bloops are Lazzies.

The logical principle here is transitivity. Transitive relations are those where if A is related to B and B is related to C, then A is related to C. In this case, the relation is ""is a subset of"" or ""is a member of."" So, the transitive property applies here. Therefore, the conclusion follows.

I should also check if there's any possibility of exceptions or if the terms are being used in a different way. For example, if ""all"" is not strictly applied, but the problem states ""all,"" so there's no ambiguity. So, the answer should be yes, all Bloops are Lazzies, and the principle is transitivity.
</think>

To determine whether all Bloops are Lazzies, we analyze the given statements using logical principles:

1. **Premise 1**: All Bloops are Razzies.  
   This can be expressed as:  
   **For all x, if x is a Blop, then x is a Razzie** (Blop → Razzie).

2. **Premise 2**: All Razzies are Lazzies.",5,"The response correctly answers ""yes,"" clearly applies transitive reasoning step-by-step, and accurately explains the principle without errors."
Qwen/Qwen3-1.7B,baseline,base,G5,general,"<think>
Okay, let's see. The problem says a farmer has 17 sheep. All but 9 die. How many sheep are left?

Hmm, the wording here is a bit tricky. Let me break it down. The phrase ""All but 9 die"" means that all the sheep except 9 die. So, if all but 9 die, that would mean 9 survive. Wait, but the question is asking how many sheep are left. So if 9 die, then the remaining sheep would be 17 minus the number that died. But wait, the problem says ""All but 9 die."" So ""all but"" usually means that the remaining number is 9. So if all but 9 die, then 9 are left. But maybe I need to check that.

Wait, let me think again. If all but 9 die, that means that 9 are left. Because ""all but"" implies that the rest are left. So if there are 17 sheep, and all but 9 die, then 9 are left. So the answer would be 9. But maybe I'm misunderstanding the phrasing. Let me check another way.

Alternatively, maybe ""all but 9 die"" means that 9 die, and the rest (17 - 9 = 8) are left. But that would be conflicting with the first interpretation. Wait, no. If all but 9 die, that would mean that 9 are left. Because ""all but"" is a bit ambiguous. Let me think of similar phrases. For example, ""All but 5 are left"" would mean 5 are left. So in this case, ""All but 9 die"" would mean that 9 are left. Therefore, the answer is 9. But maybe the problem is trying to trick me. Let me check again.

Original problem: ""A farmer has 17 sheep. All but 9 die. How many sheep are left?""

So, ""All but 9 die"" translates to ""All except 9 die."" So, the number that die is 17 - 9 = 8. Therefore, 8 die, and 9 remain. So the answer is 9. But wait, that's conflicting with the initial thought. Wait, no. If ""all but 9 die,"" that means that 9 are left. Because ""all but"" is the remaining ones. So if all but 9 die, then",5,"The candidate correctly interprets ""all but 9 die"" as 9 sheep surviving, shows thorough self-checking, and arrives at the right answer with clear step-by-step reasoning."
Qwen/Qwen3-1.7B,baseline,base,M1,math,"<think>
Okay, let's see. The problem is about a train traveling at different speeds for different durations and we need to find the total distance. Alright, so first, I remember that distance is calculated by multiplying speed by time. So, for each part of the journey, I need to calculate the distance traveled and then add them together.

The first part of the journey is 60 km/h for 2 hours. So, distance here would be speed multiplied by time. Let me write that down: 60 km/h * 2 h. Hmm, 60 times 2 is 120 km. So that's straightforward.

Then the second part is 90 km/h for 1.5 hours. Again, using the same formula. So 90 km/h * 1.5 h. Wait, 1.5 hours is the same as 3/2 hours. Let me calculate that. 90 multiplied by 1.5. Let me think, 90 times 1 is 90, and 90 times 0.5 is 45. Adding them together gives 90 + 45 = 135 km. So the second part is 135 km.

Now, to find the total distance, I just add the two distances together. So 120 km (from the first part) plus 135 km (from the second part). Let me add those: 120 + 135. Hmm, 120 + 100 is 220, and then +35 more is 255. So the total distance is 255 km.

Wait, let me double-check my calculations to make sure I didn't make any mistakes. For the first part, 60 km/h * 2 h = 120 km. That's correct. For the second part, 90 km/h * 1.5 h. Let me do it another way. 1.5 hours is 1 hour and 30 minutes. So, in 1 hour, the train travels 90 km, and in 30 minutes (which is 0.5 hours), it travels 45 km. So 90 + 45 is indeed 135 km. Adding 120 and 135 gives 255. Yeah, that seems right.",5,"The candidate correctly applies the distance formula to each segment, shows clear step-by-step calculations, verifies the arithmetic, and arrives at the right answer with no errors."
Qwen/Qwen3-1.7B,baseline,base,M2,math,"<think>
Okay, so I need to find the sum of all integers from 1 to 100. Hmm, let me think. I remember there's a formula for this, but I'm not exactly sure how it works. Let me try to recall.

First, I know that when you add a sequence of numbers, like 1 + 2 + 3 + ... + n, there's a formula to calculate it without having to add each number individually. I think it's something like n(n + 1)/2. Wait, let me check if that makes sense.

Let's test it with a smaller number. Suppose I want the sum from 1 to 3. Using the formula, it would be 3(3 + 1)/2 = 3*4/2 = 12/2 = 6. And the actual sum is 1 + 2 + 3 = 6. That works. Another example: sum from 1 to 4. Formula gives 4*5/2 = 20/2 = 10. Actual sum is 1+2+3+4=10. Yep, that's right. So the formula seems to work.

But why does this formula work? Let me think. Maybe there's a way to pair the numbers. For example, if you have 1 and 100, 2 and 99, 3 and 98, and so on. Each pair adds up to 101. How many such pairs are there? Well, from 1 to 100, there are 100 numbers. If you pair them as (1,100), (2,99), ..., up to (50,51), that's 50 pairs. Each pair sums to 101. So total sum would be 50*101 = 5050. Wait, but according to the formula, it's 100*101/2 = 5050. So that matches. So the formula works because you're pairing the numbers and multiplying the number of pairs by the sum of each pair.

Another way to think about it is using arithmetic series. The sum of an arithmetic series is given by (number of terms)/2 multiplied by (first term + last term). Here, the number of terms is 100, first term is 1, last",5,"The candidate correctly applies the formula n(n+1)/2, verifies it with small examples, and provides two clear explanations—pairing method and arithmetic series formula—showing full understanding of why it works."
Qwen/Qwen3-1.7B,baseline,base,M3,math,"<think>
Okay, let's see. The problem says a store sells an item at a 20% discount, and after the discount, the price is $80. I need to find the original price. Hmm, right. So, discounts work by reducing the original price by a certain percentage. Let me think about how to approach this.

First, if there's a 20% discount, that means the customer pays 80% of the original price. Because 100% minus 20% is 80%. So, the discounted price is 80% of the original price. Let me write that down as an equation. Let's call the original price ""P"". Then, the discounted price would be 0.80 * P. And that equals $80. So, 0.80 * P = 80. To find P, I need to divide both sides by 0.80. 

Wait, let me check that again. If I have 0.80 times P equals 80, then P equals 80 divided by 0.80. Let me calculate that. 80 divided by 0.8. Hmm, 0.8 times 100 is 80, so 0.8 times 100 is 80. Therefore, 80 divided by 0.8 is 100. So, the original price must have been $100. 

But let me verify. If the original price was $100, a 20% discount would be 20% of 100, which is $20. So, subtracting that from 100 gives $80. Yep, that matches the given discounted price. So that seems right. 

Wait, but maybe I should think about it another way. Suppose the original price is P. After a 20% discount, the price is P - 0.20P = 0.80P. So, 0.80P = 80. Solving for P gives P = 80 / 0.8 = 100. Yep, same result. 

I think that's correct. So the original price was $100. I don't see any mistakes in the reasoning here. The key was understanding that the discount reduces the price by 20%, so",5,"The candidate correctly identifies that 80% of the original price equals $80, sets up the equation 0.8P = 80, solves it accurately to get P = 100, and verifies the answer by checking that 20% off $100 indeed gives $80, with clear step-by-step reasoning throughout."
Qwen/Qwen3-1.7B,baseline,base,M4,math,"<think>
Okay, let's see. There are two pipes filling a tank. One can fill it in 6 hours, and the other in 4 hours. I need to find out how long it will take if both are opened together. Hmm.

So, I remember that when dealing with rates, it's about how much each pipe can fill the tank in a certain time. Maybe I should calculate their individual rates first. Let me think. If one pipe can fill the tank in 6 hours, then its rate is 1 tank per 6 hours. Similarly, the other pipe fills it in 4 hours, so its rate is 1 tank per 4 hours. 

Wait, right. The rate of a pipe is usually the fraction of the tank it can fill in one hour. So, for the first pipe, rate is 1/6 (since 1/6 of the tank is filled in one hour). For the second pipe, it's 1/4. 

Then, when both are opened together, their rates add up. So the combined rate would be 1/6 + 1/4. Let me compute that. To add fractions, I need a common denominator. The least common denominator of 6 and 4 is 12. So converting both fractions: 1/6 is 2/12 and 1/4 is 3/12. Adding them gives 2/12 + 3/12 = 5/12. So the combined rate is 5/12 of the tank per hour.

Now, to find the time it takes to fill the tank, I need to divide 1 tank by the combined rate. So time = 1 / (5/12) = 12/5 hours. Which is 2 and 2/5 hours. Converting 2/5 of an hour to minutes: 2/5 * 60 = 24 minutes. So total time is 2 hours and 24 minutes.

Wait, let me check if I did that right. Let me verify the steps again. 

First, individual rates: 1/6 and 1/4. Adding them gives 5/12. Then, time is reciprocal, so 12/5 hours. Yes. 12 divided by 5 is 2.4 hours. 0.4 hours is 0.4 * 60 = 24",5,"The candidate correctly calculated individual rates, combined them properly, found the total time, and converted to hours and minutes with clear, step-by-step reasoning that matches the reference answer."
Qwen/Qwen3-1.7B,baseline,base,M5,math,"<think>
Okay, let's see. The sequence given is 2, 6, 18, 54, ... and I need to find the 8th term. First, I should figure out the pattern here. Let me list the terms with their positions to see if I can spot a trend.

Term 1: 2
Term 2: 6
Term 3: 18
Term 4: 54
...
Hmm, looking at the differences between terms might help. Let's calculate the differences:

6 - 2 = 4
18 - 6 = 12
54 - 18 = 36

So the differences are 4, 12, 36... Wait, those numbers are multiplying by 3 each time. 4 * 3 = 12, 12 * 3 = 36. So the difference between each term is multiplying by 3. That suggests that the sequence might be a geometric sequence where each term is multiplied by 3 to get the next term.

But let me check. If the first term is 2, then the second term would be 2 * 3 = 6, which matches. Then 6 * 3 = 18, which is the third term. Then 18 * 3 = 54, which is the fourth term. So yes, the pattern is multiplying by 3 each time.

So the general formula for the nth term of a geometric sequence is a_n = a_1 * r^(n-1), where a_1 is the first term and r is the common ratio.

Here, a_1 is 2, and r is 3. So the nth term would be 2 * 3^(n-1).

Therefore, the 8th term would be 2 * 3^(8-1) = 2 * 3^7.

Calculating 3^7: 3^2 is 9, 3^3 is 27, 3^4 is 81, 3^5 is 243, 3^6 is 729, 3^7 is 2187.

So 2 * 2187 = 4374.

Wait, let me verify that. Let me compute 3^7 step by step:

3^1 = 3

3^",5,"The response correctly identifies the geometric pattern, applies the appropriate formula, and accurately calculates the 8th term with clear step-by-step reasoning."
